date,y_true_mm,y_pred_mm
2018-01-01,0.0,0.0
2018-01-02,2.6,1.8147882936507933
2018-01-03,23.7,15.18900982142857
2018-01-04,0.0,0.0960517857142857
2018-01-05,0.0,0.09887261904761906
2018-01-06,0.3,0.07246607142857145
2018-01-07,0.7,0.2134875
2018-01-08,1.1,0.5567621031746031
2018-01-09,71.1,40.41753144841269
2018-01-10,5.7,39.74066130952381
2018-01-11,4.1,12.129732738095232
2018-01-12,12.4,8.613634523809518
2018-01-13,0.1,1.0377974206349212
2018-01-14,0.0,2.464013095238096
2018-01-15,0.4,0.19562053571428575
2018-01-16,0.2,0.1038253968253969
2018-01-17,0.0,0.14270654761904758
2018-01-18,0.0,0.12310982142857163
2018-01-19,0.1,0.03429166666666664
2018-01-20,0.6,0.36747589285714305
2018-01-21,1.1,0.878170436507935
2018-01-22,0.4,0.5683938492063492
2018-01-23,1.4,1.600981349206349
2018-01-24,4.0,2.8395674603174594
2018-01-25,1.2,1.5602781926406937
2018-01-26,0.4,0.7794943452380957
2018-01-27,0.2,0.6740442460317461
2018-01-28,0.2,0.428063392857143
2018-01-29,14.5,12.638706277056283
2018-01-30,0.0,1.1405657738095232
2018-01-31,0.0,2.349769047619049
2018-02-01,0.0,0.0
2018-02-02,0.2,0.13056190476190513
2018-02-03,1.9,1.349112896825396
2018-02-04,1.6,1.2745796626984118
2018-02-05,1.2,2.1408428571428586
2018-02-06,1.1,1.1864267857142865
2018-02-07,1.3,1.68546607142857
2018-02-08,0.7,0.9275821428571427
2018-02-09,5.0,4.344193551587306
2018-02-10,0.4,0.8461964285714286
2018-02-11,1.8,4.694161011904761
2018-02-12,0.8,0.606650496031746
2018-02-13,1.1,1.1904649801587301
2018-02-14,0.2,0.4396577380952379
2018-02-15,0.0,0.11410357142857143
2018-02-16,0.0,0.08488214285714277
2018-02-17,0.1,0.02803749999999996
2018-02-18,0.2,0.08411428571428575
2018-02-19,1.8,1.2953051587301587
2018-02-20,2.5,1.6809789682539684
2018-02-21,2.5,2.2775368055555547
2018-02-22,1.0,1.0175499007936504
2018-02-23,3.1,1.8779360119047621
2018-02-24,2.9,1.784908630952381
2018-02-25,1.3,0.9338932359307351
2018-02-26,2.6,2.0647537698412703
2018-02-27,0.9,0.9691330357142864
2018-02-28,1.7,2.0626236111111136
2018-03-01,0.0,0.3922210317460318
2018-03-02,1.7,1.1601867063492057
2018-03-03,0.2,0.012945833333333332
2018-03-04,0.0,0.0640279761904762
2018-03-05,0.1,0.03189226190476189
2018-03-06,0.0,0.0
2018-03-07,0.9,0.6812237103174605
2018-03-08,0.0,0.014455357142857133
2018-03-09,0.0,0.07594880952380953
2018-03-10,2.0,0.5957045634920634
2018-03-11,4.5,3.8545522817460327
2018-03-12,10.6,9.638849305555562
2018-03-13,0.0,0.10501488095238098
2018-03-14,0.0,0.11455416666666668
2018-03-15,0.0,0.0
2018-03-16,0.0,0.0
2018-03-17,0.0,0.0
2018-03-18,1.1,0.6635147817460312
2018-03-19,2.3,1.476943353174604
2018-03-20,2.1,1.942026109307359
2018-03-21,0.0,0.2221714285714286
2018-03-22,0.0,0.050666071428571414
2018-03-23,0.0,0.0
2018-03-24,0.0,0.0
2018-03-25,0.0,0.0
2018-03-26,0.2,0.10697351190476206
2018-03-27,1.5,0.8556991071428568
2018-03-28,0.4,0.23475942460317473
2018-03-29,0.3,0.3749720238095239
2018-03-30,0.1,0.20648869047619064
2018-03-31,0.1,0.16040148809523797
2018-04-01,0.5,0.2703238095238095
2018-04-02,0.3,0.20581696428571394
2018-04-03,0.0,0.159613988095238
2018-04-04,8.8,2.166360416666669
2018-04-05,2.5,1.3287889880952384
2018-04-06,0.7,3.988798511904765
2018-04-07,1.0,0.7128039682539687
2018-04-08,8.6,5.8673978174603185
2018-04-09,0.9,1.7649695436507953
2018-04-10,5.0,5.205309424603173
2018-04-11,3.9,2.2020672619047614
2018-04-12,1.2,0.547521626984127
2018-04-13,0.0,0.5891208333333339
2018-04-14,0.4,0.061715476190476216
2018-04-15,3.8,2.4945787698412696
2018-04-16,17.0,2.6257214285714294
2018-04-17,0.0,0.08882559523809526
2018-04-18,0.0,0.3437511904761905
2018-04-19,0.0,0.0
2018-04-20,0.0,0.0
2018-04-21,0.0,0.0
2018-04-22,6.4,5.495813988095239
2018-04-23,6.5,4.8085448412698435
2018-04-24,9.5,9.547919742063486
2018-04-25,16.8,4.466252029220778
2018-04-26,0.0,0.04684226190476192
2018-04-27,9.1,18.566530654761905
2018-04-28,19.2,2.4104050595238116
2018-04-29,0.0,0.6439498015873022
2018-04-30,0.0,0.4955788690476189
2018-05-01,2.1,0.4791083333333333
2018-05-02,1.7,1.1220127976190475
2018-05-03,2.8,2.2254324404761903
2018-05-04,0.6,0.8783083333333334
2018-05-05,3.5,4.1504869047619035
2018-05-06,2.3,2.1181374007936493
2018-05-07,1.5,3.9408959325396813
2018-05-08,15.6,6.487398908730148
2018-05-09,0.0,1.0275526785714293
2018-05-10,0.6,3.5229541666666666
2018-05-11,0.0,0.028370238095238077
2018-05-12,1.0,0.7715017857142863
2018-05-13,18.8,13.580263988095247
2018-05-14,37.8,30.927812202380945
2018-05-15,10.9,19.854166765872993
2018-05-16,11.6,20.237845337301597
2018-05-17,26.7,17.669791765873033
2018-05-18,3.1,12.951466567460315
2018-05-19,21.0,29.823312797619028
2018-05-20,45.2,26.284341369047603
2018-05-21,13.4,17.874705853174593
2018-05-22,8.6,20.40737946428571
2018-05-23,1.2,3.4563250000000014
2018-05-24,2.9,5.101011309523809
2018-05-25,11.8,7.363462103174596
2018-05-26,46.6,30.574326091269835
2018-05-27,69.3,55.089356881313115
2018-05-28,28.8,36.15989821428573
2018-05-29,19.5,25.239578571428556
2018-05-30,22.0,20.8155513888889
2018-05-31,10.7,14.004584523809523
2018-06-01,1.1,10.379108134920635
2018-06-02,0.0,3.9601154761904733
2018-06-03,3.9,1.9735720238095238
2018-06-04,1.2,0.8010180555555553
2018-06-05,3.8,6.472513591269846
2018-06-06,7.9,5.081748593073594
2018-06-07,17.2,14.15061220238095
2018-06-08,8.0,9.890272123015878
2018-06-09,5.7,12.90242063492063
2018-06-10,28.4,22.571940178571452
2018-06-11,17.3,16.17850416666667
2018-06-12,2.1,11.94418402777778
2018-06-13,0.9,9.720027678571432
2018-06-14,5.6,4.17139791666667
2018-06-15,2.2,2.037020995670994
2018-06-16,0.1,4.3355711309523794
2018-06-17,1.5,2.186896924603174
2018-06-18,1.6,1.1859880952380957
2018-06-19,3.4,3.595397718253969
2018-06-20,1.3,1.9816014880952386
2018-06-21,1.5,2.803553968253969
2018-06-22,15.9,11.443255411255398
2018-06-23,16.5,11.18289791666667
2018-06-24,12.1,15.436110858585858
2018-06-25,4.0,2.1439010912698415
2018-06-26,4.2,5.288218551587303
2018-06-27,2.1,3.6323326388888884
2018-06-28,9.6,8.994842144660886
2018-06-29,7.6,3.971184226190472
2018-06-30,1.8,5.689538690476189
2018-07-01,2.6,3.641684226190475
2018-07-02,1.4,1.6322299783549787
2018-07-03,8.7,7.565911011904766
2018-07-04,4.4,3.680894345238092
2018-07-05,6.9,8.637074702380948
2018-07-06,1.6,3.4678236111111103
2018-07-07,6.9,8.345654392135643
2018-07-08,0.9,1.4753651785714295
2018-07-09,0.5,3.1477666035353566
2018-07-10,6.6,4.118191847041848
2018-07-11,7.1,4.666823710317458
2018-07-12,6.1,6.043300992063487
2018-07-13,5.3,3.753312301587302
2018-07-14,1.1,2.8604513888888907
2018-07-15,0.2,2.7524939844877356
2018-07-16,1.9,1.5159908730158724
2018-07-17,1.4,1.0328112103174616
2018-07-18,1.9,2.486181150793653
2018-07-19,1.3,0.939241269841271
2018-07-20,2.6,2.1407160110722603
2018-07-21,1.1,0.8819554591242101
2018-07-22,3.2,4.152056051587303
2018-07-23,18.4,13.060017162698413
2018-07-24,25.9,15.105528787878786
2018-07-25,7.9,9.12802738095238
2018-07-26,1.5,8.989700992063488
2018-07-27,8.7,8.644971527777777
2018-07-28,13.6,10.522873115079367
2018-07-29,38.0,23.926524900793662
2018-07-30,4.8,7.25049682539683
2018-07-31,1.1,6.919010019841272
2018-08-01,2.2,2.866887797619047
2018-08-02,0.9,0.9243181547619048
2018-08-03,1.7,1.794701289682539
2018-08-04,3.3,2.2785279761904764
2018-08-05,1.3,1.7101327471139998
2018-08-06,0.9,1.002704464285715
2018-08-07,2.6,1.3493275072150077
2018-08-08,1.1,1.4230844246031742
2018-08-09,2.4,2.7748921626984133
2018-08-10,4.1,2.715768082611831
2018-08-11,13.5,9.485359226190473
2018-08-12,1.1,3.6555791666666675
2018-08-13,2.4,3.069274702380952
2018-08-14,5.8,2.617449007936508
2018-08-15,1.3,1.018392559523811
2018-08-16,1.1,0.7104294642857145
2018-08-17,2.3,0.8629455357142852
2018-08-18,2.9,2.7629180555555535
2018-08-19,11.0,8.78505932539683
2018-08-20,9.5,6.469617658730155
2018-08-21,0.2,3.7979549873737373
2018-08-22,4.3,3.4520083333333327
2018-08-23,2.6,1.8534463293650794
2018-08-24,3.2,5.003270535714286
2018-08-25,4.2,4.008358035714283
2018-08-26,2.1,1.876875234487736
2018-08-27,2.9,3.2733119047619055
2018-08-28,14.7,8.610558630952381
2018-08-29,5.0,5.32373551587302
2018-08-30,4.6,8.740955952380949
2018-08-31,8.6,5.912592857142855
2018-09-01,9.3,8.443856249999998
2018-09-02,13.6,11.680527380952379
2018-09-03,57.7,46.21932813852812
2018-09-04,3.2,9.161643750000001
2018-09-05,3.1,15.58441924603174
2018-09-06,9.4,4.9026831349206335
2018-09-07,3.1,4.151216964285716
2018-09-08,2.6,7.955969246031743
2018-09-09,8.1,6.592447321428568
2018-09-10,0.6,3.2128259920634936
2018-09-11,0.8,6.298929861111103
2018-09-12,1.9,1.3382105158730164
2018-09-13,4.9,3.659913194444448
2018-09-14,5.3,4.513632043650795
2018-09-15,3.0,1.9150506944444445
2018-09-16,0.6,1.2088556547619052
2018-09-17,1.1,1.6314604166666664
2018-09-18,0.5,0.5807844967532463
2018-09-19,1.6,1.963762950937952
2018-09-20,2.9,1.9153589285714283
2018-09-21,1.7,1.743476587301588
2018-09-22,1.0,2.1635915674603177
2018-09-23,1.3,0.9961138888888886
2018-09-24,1.2,1.0076862103174613
2018-09-25,1.5,1.3885645833333342
2018-09-26,0.8,0.5816858134920633
2018-09-27,1.1,1.0142027777777785
2018-09-28,0.7,0.35890317460317456
2018-09-29,2.2,1.4887181547619053
2018-09-30,1.7,0.7581199404761909
2018-10-01,0.7,0.8765653769841271
2018-10-02,3.8,3.5287529761904755
2018-10-03,1.6,0.2697883928571428
2018-10-04,10.4,9.94444503968255
2018-10-05,1.2,1.3497494047619059
2018-10-06,1.0,1.0995998015873014
2018-10-07,0.4,0.7151796626984123
2018-10-08,2.8,2.2155496031746007
2018-10-09,0.6,0.565720833333333
2018-10-10,5.2,5.781891865079367
2018-10-11,10.4,6.547616964285714
2018-10-12,3.8,5.3945675595238045
2018-10-13,1.7,5.467839980158732
2018-10-14,0.7,2.0448782738095233
2018-10-15,1.0,0.6406883928571431
2018-10-16,1.9,0.9736661706349204
2018-10-17,3.0,1.768713095238095
2018-10-18,0.8,0.8639660714285712
2018-10-19,1.5,0.6837711309523811
2018-10-20,1.8,0.7535591269841266
2018-10-21,0.2,0.8557886904761901
2018-10-22,3.0,1.913954761904762
2018-10-23,0.5,0.45035267857142824
2018-10-24,0.9,1.7331209325396812
2018-10-25,0.7,0.5845941468253969
2018-10-26,0.7,0.528265178571429
2018-10-27,0.9,0.9391035714285718
2018-10-28,0.0,0.07829315476190479
2018-10-29,0.0,0.05487202380952381
2018-10-30,0.1,0.013595833333333328
2018-10-31,0.0,0.0
2018-11-01,1.4,0.37045
2018-11-02,2.8,1.3289084325396834
2018-11-03,7.2,7.602058035714282
2018-11-04,2.0,3.5321175595238117
2018-11-05,0.6,1.6903038690476198
2018-11-06,0.6,1.0551973214285715
2018-11-07,0.3,0.4466217261904762
2018-11-08,1.9,1.5023610119047617
2018-11-09,0.9,0.6701622023809523
2018-11-10,0.7,1.0926260912698416
2018-11-11,3.2,2.3692477182539684
2018-11-12,1.5,1.0273583333333338
2018-11-13,5.2,5.167013690476191
2018-11-14,2.1,1.3043595238095236
2018-11-15,1.7,4.011408630952381
2018-11-16,1.1,1.0589383928571434
2018-11-17,1.0,1.2040288690476186
2018-11-18,0.8,0.4132934523809522
2018-11-19,0.2,0.35761101190476174
2018-11-20,2.2,1.8439919642857137
2018-11-21,3.2,1.5716185515873022
2018-11-22,0.3,1.8266800595238106
2018-11-23,3.9,4.40173630952381
2018-11-24,0.3,0.49921924603174594
2018-11-25,0.4,3.7814846771284323
2018-11-26,1.1,0.651258207070707
2018-11-27,0.0,0.21835595238095254
2018-11-28,0.0,0.10722142857142862
2018-11-29,0.0,0.0
2018-11-30,0.0,0.0
2018-12-01,1.8,0.5312095238095239
2018-12-02,0.5,0.41678065476190485
2018-12-03,2.3,2.35586001984127
2018-12-04,4.0,3.3198302579365087
2018-12-05,3.1,2.330488122294372
2018-12-06,0.0,0.3615019841269841
2018-12-07,0.0,0.2915494047619048
2018-12-08,1.5,0.2939440476190476
2018-12-09,3.0,2.060686309523807
2018-12-10,0.0,0.9489958784271286
2018-12-11,0.0,0.3421285714285712
2018-12-12,0.1,0.011054166666666667
2018-12-13,0.1,0.06867500000000004
2018-12-14,0.3,0.21943710317460322
2018-12-15,2.8,2.1938049603174594
2018-12-16,2.6,2.245647222222224
2018-12-17,0.0,1.3761338293650796
2018-12-18,0.0,1.0176306318681319
2018-12-19,0.0,0.0
2018-12-20,5.0,4.651168948412702
2018-12-21,5.5,2.081141964285714
2018-12-22,0.0,0.12715416666666665
2018-12-23,0.0,0.9740646596459099
2018-12-24,0.0,0.0
2018-12-25,0.0,0.0
2018-12-26,0.0,0.0
2018-12-27,1.0,0.7032248015873016
2018-12-28,2.4,1.8205870039682526
2018-12-29,1.7,1.9175176587301577
2018-12-30,0.2,1.3827156114718617
2018-12-31,2.4,1.8284589736652248
2019-01-01,3.5,1.1588161706349198
2019-01-02,0.6,1.1892958513708516
2019-01-03,0.9,1.273162103174603
2019-01-04,0.7,0.8301712301587308
2019-01-05,1.3,1.420810119047617
2019-01-06,0.0,0.1713139880952382
2019-01-07,0.0,0.10918174603174607
2019-01-08,0.0,0.0
2019-01-09,0.2,0.15468392857142926
2019-01-10,0.0,0.0007083333333333333
2019-01-11,0.3,0.07420833333333332
2019-01-12,1.3,0.3652488095238091
2019-01-13,2.0,0.8119886904761904
2019-01-14,0.0,0.6938130952380956
2019-01-15,0.0,0.19846408730158732
2019-01-16,0.0,0.0
2019-01-17,2.3,1.3904494047619058
2019-01-18,0.0,0.20136101190476188
2019-01-19,0.0,0.8362804563492057
2019-01-20,21.0,10.70311041666667
2019-01-21,0.3,1.489226488095238
2019-01-22,0.3,2.7444476190476212
2019-01-23,0.3,0.34677043650793654
2019-01-24,19.2,17.2449320436508
2019-01-25,19.5,12.766898115079362
2019-01-26,23.6,22.615863789682532
2019-01-27,24.4,23.166549206349224
2019-01-28,14.5,9.513672718253964
2019-01-29,0.0,0.48141696428571434
2019-01-30,0.0,1.9491894841269828
2019-01-31,2.7,1.6664301587301587
2019-02-01,0.7,0.5185757936507932
2019-02-02,1.0,2.654473511904762
2019-02-03,2.4,1.1658642857142865
2019-02-04,0.1,0.8339010912698419
2019-02-05,0.0,1.519056547619047
2019-02-06,0.0,0.01154047619047619
2019-02-07,0.0,0.0
2019-02-08,0.4,0.3147732142857152
2019-02-09,4.5,3.3764443452380952
2019-02-10,0.8,1.0028273809523798
2019-02-11,1.3,4.421286607142856
2019-02-12,2.0,1.0687072781385285
2019-02-13,22.7,18.243625992063482
2019-02-14,3.7,5.387130357142853
2019-02-15,0.8,8.221027083333327
2019-02-16,0.3,1.4650422619047625
2019-02-17,0.1,0.3729070436507936
2019-02-18,0.2,0.38591686507936496
2019-02-19,1.1,0.45503551587301566
2019-02-20,1.3,0.8582267857142856
2019-02-21,2.0,1.8828920634920647
2019-02-22,2.9,1.5100527777777786
2019-02-23,2.8,1.72988244047619
2019-02-24,2.7,0.9234247023809519
2019-02-25,1.5,1.2289114357864352
2019-02-26,3.5,3.0216238095238084
2019-02-27,9.1,5.531173511904765
2019-02-28,1.6,2.094195238095238
2019-03-01,0.2,0.7219720238095237
2019-03-02,0.0,0.14210238095238092
2019-03-03,1.9,1.0144389880952387
2019-03-04,0.1,0.1235756944444445
2019-03-05,1.5,2.779693253968254
2019-03-06,0.0,0.17151378968253975
2019-03-07,0.0,0.3474839285714286
2019-03-08,0.4,0.11500238095238086
2019-03-09,1.1,0.7066554563492059
2019-03-10,1.9,1.5493884650072158
2019-03-11,0.0,0.45424761904761923
2019-03-12,2.9,3.5339051587301618
2019-03-13,2.2,0.9898065476190483
2019-03-14,0.7,0.8944703373015881
2019-03-15,1.1,1.3566202380952381
2019-03-16,1.8,1.0009144841269846
2019-03-17,2.6,2.2519327380952383
2019-03-18,3.0,3.5648808531746052
2019-03-19,55.6,42.234845734126985
2019-03-20,11.5,19.091221527777776
2019-03-21,1.8,8.967101984126987
2019-03-22,0.0,0.03256666666666666
2019-03-23,0.0,0.17074761904761906
2019-03-24,0.2,0.10224970238095248
2019-03-25,1.2,0.6400409722222221
2019-03-26,9.8,4.213084722222222
2019-03-27,0.9,0.26880654761904765
2019-03-28,0.1,0.5990690476190474
2019-03-29,2.1,0.7285155753968258
2019-03-30,1.3,0.4515287698412702
2019-03-31,1.0,1.3839816468253958
2019-04-01,0.7,0.9349472222222219
2019-04-02,2.3,0.754029761904762
2019-04-03,2.1,1.6452477182539684
2019-04-04,20.5,19.031664583333345
2019-04-05,0.8,2.310710119047619
2019-04-06,0.0,2.8159833333333353
2019-04-07,0.6,0.7422857142857145
2019-04-08,0.9,0.4966996031746031
2019-04-09,1.9,1.8267080086580085
2019-04-10,6.2,5.854685714285719
2019-04-11,3.0,0.601229761904762
2019-04-12,0.3,0.25314323593073595
2019-04-13,0.4,0.4991643037518042
2019-04-14,0.4,0.4097200396825393
2019-04-15,5.0,4.778603769841272
2019-04-16,0.0,0.08946369047619047
2019-04-17,0.0,0.13612678571428577
2019-04-18,4.5,1.6023741071428552
2019-04-19,7.9,4.605282936507936
2019-04-20,13.4,3.9790363095238086
2019-04-21,0.0,0.08463750000000003
2019-04-22,0.0,0.3127282738095237
2019-04-23,0.0,0.0
2019-04-24,0.0,0.0
2019-04-25,1.2,0.3181773809523812
2019-04-26,0.5,0.11309791666666669
2019-04-27,0.6,1.494442757936507
2019-04-28,0.2,0.2902196428571429
2019-04-29,0.8,0.2685188492063494
2019-04-30,1.0,0.41688812229437217
2019-05-01,3.1,1.3596069173881664
2019-05-02,8.6,7.427689781746032
2019-05-03,5.0,4.389379797979797
2019-05-04,0.7,5.461625694444441
2019-05-05,1.7,3.114927678571431
2019-05-06,5.3,3.517762878787879
2019-05-07,3.6,3.9585010912698424
2019-05-08,1.8,3.338115458152958
2019-05-09,2.5,3.9353806547619077
2019-05-10,3.7,3.357964583333334
2019-05-11,0.9,1.9962968253968265
2019-05-12,2.5,2.9330684523809505
2019-05-13,29.7,9.40510248015873
2019-05-14,7.6,6.256261381673876
2019-05-15,0.9,13.922586111111114
2019-05-16,7.5,4.919906547619051
2019-05-17,0.0,0.7374250000000008
2019-05-18,2.4,1.1706627976190482
2019-05-19,0.8,0.5489443181818183
2019-05-20,0.7,1.9215836309523806
2019-05-21,0.3,0.3431473214285713
2019-05-22,0.2,0.3828806547619047
2019-05-23,2.1,0.6499940476190476
2019-05-24,0.0,0.13528869047619047
2019-05-25,0.0,0.13867916666666663
2019-05-26,0.1,0.02727916666666663
2019-05-27,1.0,0.6765337211399718
2019-05-28,0.0,0.058393750000000015
2019-05-29,0.7,0.6850718253968252
2019-05-30,0.8,0.4449273268398266
2019-05-31,1.7,1.4836041125541108
2019-06-01,0.2,0.6391603174603173
2019-06-02,0.8,0.9659541666666666
2019-06-03,0.6,0.4256431998556998
2019-06-04,1.8,1.4915848214285705
2019-06-05,1.2,1.035743650793651
2019-06-06,0.5,0.6615874999999999
2019-06-07,11.5,4.7908029761904745
2019-06-08,6.0,3.365721626984127
2019-06-09,3.4,10.0726996031746
2019-06-10,1.6,5.33413988095238
2019-06-11,5.6,3.8142328192640713
2019-06-12,1.2,1.5753258928571434
2019-06-13,9.6,11.4320123015873
2019-06-14,14.7,10.748829761904766
2019-06-15,9.8,11.504606709956718
2019-06-16,23.3,16.2481080537518
2019-06-17,21.6,17.413372718253974
2019-06-18,5.8,10.832594841269833
2019-06-19,1.6,8.624976190476183
2019-06-20,0.3,2.6277153769841277
2019-06-21,0.1,0.6708428571428574
2019-06-22,0.3,0.32763998015872997
2019-06-23,0.0,0.09176488095238099
2019-06-24,0.3,0.27313005952380937
2019-06-25,0.3,0.15107073412698407
2019-06-26,0.5,0.49469345238095275
2019-06-27,0.3,0.41366567460317455
2019-06-28,10.7,7.89392463924964
2019-06-29,54.9,33.261102471139985
2019-06-30,9.2,23.148393253968262
2019-07-01,1.6,13.398860714285702
2019-07-02,5.6,4.83403839285714
2019-07-03,5.1,3.2419230158730157
2019-07-04,0.5,2.312246130952382
2019-07-05,1.9,2.1086284722222213
2019-07-06,0.3,0.5382514880952379
2019-07-07,0.7,1.4222478084415586
2019-07-08,8.6,6.098795238095236
2019-07-09,6.0,4.654615674603175
2019-07-10,0.9,4.674909523809522
2019-07-11,4.8,3.6857913690476187
2019-07-12,3.4,2.732716369047618
2019-07-13,0.1,1.4538196428571422
2019-07-14,0.1,0.36749414682539694
2019-07-15,1.1,0.4476549603174603
2019-07-16,0.0,0.11680892857142865
2019-07-17,0.4,0.3438726190476189
2019-07-18,0.1,0.046500793650793654
2019-07-19,1.1,0.9852806547619055
2019-07-20,3.4,2.862558558802306
2019-07-21,1.8,1.3638981331168836
2019-07-22,5.0,1.7895232142857123
2019-07-23,1.5,2.39171755952381
2019-07-24,2.6,3.3136213293650796
2019-07-25,26.1,6.202756349206348
2019-07-26,1.7,6.9915499278499365
2019-07-27,9.4,14.860806746031754
2019-07-28,1.4,2.3977160714285715
2019-07-29,1.0,5.688938293650792
2019-07-30,7.1,4.32295926226551
2019-07-31,0.5,1.4232958333333323
2019-08-01,18.8,18.35389007936509
2019-08-02,9.5,8.105962022005775
2019-08-03,11.3,11.614064583333343
2019-08-04,8.2,9.89808670634921
2019-08-05,29.1,27.278693750000034
2019-08-06,8.3,13.532350496031754
2019-08-07,9.6,18.695685416666667
2019-08-08,2.6,3.8882978174603164
2019-08-09,3.7,5.071505979437229
2019-08-10,4.8,3.7276641865079365
2019-08-11,8.6,5.533070634920633
2019-08-12,5.2,3.9057607142857154
2019-08-13,5.7,7.3377167658730205
2019-08-14,5.9,4.7863381944444425
2019-08-15,1.5,2.622490376984126
2019-08-16,6.2,4.014301812770566
2019-08-17,3.4,2.403122123015872
2019-08-18,0.8,2.9104921626984104
2019-08-19,2.6,1.719739781746033
2019-08-20,5.3,1.915828174603175
2019-08-21,0.5,1.1102881944444452
2019-08-22,25.0,18.190250378787876
2019-08-23,10.5,13.046560912698402
2019-08-24,6.8,22.532301091269854
2019-08-25,4.8,9.203709623015868
2019-08-26,10.8,10.473349702380949
2019-08-27,7.0,8.13649335317461
2019-08-28,8.3,8.59768928571429
2019-08-29,15.3,10.900813690476195
2019-08-30,6.3,11.125153273809524
2019-08-31,5.5,3.538099107142858
2019-09-01,3.4,3.929603571428571
2019-09-02,11.2,10.211527976190478
2019-09-03,5.1,4.605443055555551
2019-09-04,0.7,3.427448214285718
2019-09-05,3.3,3.2736298611111136
2019-09-06,1.6,1.1427836489898986
2019-09-07,1.0,2.752126686507937
2019-09-08,1.3,1.1995830357142856
2019-09-09,0.0,0.5548202380952381
2019-09-10,1.1,1.387829464285715
2019-09-11,1.6,0.3649984126984127
2019-09-12,3.5,1.2372436507936515
2019-09-13,14.2,10.112072619047623
2019-09-14,10.5,9.19456016414142
2019-09-15,4.3,7.886345535714282
2019-09-16,4.3,4.750037202380951
2019-09-17,0.1,0.7131452380952378
2019-09-18,0.0,0.5526452380952379
2019-09-19,1.0,0.2446575396825395
2019-09-20,2.7,1.205490376984127
2019-09-21,7.3,3.2291569624819636
2019-09-22,2.5,2.376429662698412
2019-09-23,0.3,1.3692444444444447
2019-09-24,0.2,0.8226924603174602
2019-09-25,0.0,0.1533767857142857
2019-09-26,0.0,0.10862886904761919
2019-09-27,1.2,0.34114273989899
2019-09-28,0.5,0.20156398809523804
2019-09-29,2.3,2.053116567460317
2019-09-30,1.8,0.6579002976190479
2019-10-01,2.9,2.3054979166666647
2019-10-02,4.6,2.967973313492063
2019-10-03,3.2,1.8758518849206354
2019-10-04,1.1,1.7444636904761912
2019-10-05,1.9,2.3755312499999994
2019-10-06,1.1,0.6567934523809523
2019-10-07,15.1,15.250221428571432
2019-10-08,21.5,15.053108928571435
2019-10-09,18.7,22.84575664682541
2019-10-10,5.5,10.955286111111104
2019-10-11,5.9,6.912224900793657
2019-10-12,7.2,4.144076190476193
2019-10-13,5.5,1.7210755952380945
2019-10-14,0.4,1.5509072871572882
2019-10-15,1.9,1.9100969246031752
2019-10-16,4.5,2.3696831349206353
2019-10-17,1.4,3.1542142857142865
2019-10-18,0.0,2.712533730158731
2019-10-19,0.3,1.0456966540404042
2019-10-20,6.3,4.419873511904759
2019-10-21,0.3,1.3795419372294366
2019-10-22,1.6,5.357731349206347
2019-10-23,2.3,0.9414175595238105
2019-10-24,2.5,1.9312800595238093
2019-10-25,0.7,1.00226746031746
2019-10-26,4.4,4.020337996031748
2019-10-27,4.2,3.547565178571423
2019-10-28,0.3,2.348651587301586
2019-10-29,0.9,1.318685317460317
2019-10-30,2.9,0.9791761904761913
2019-10-31,0.3,0.4553316468253966
2019-11-01,0.9,1.7185175595238098
2019-11-02,1.8,1.012786607142857
2019-11-03,7.3,4.594324404761909
2019-11-04,6.0,1.963652876984127
2019-11-05,1.0,0.9985367514430008
2019-11-06,0.3,1.325234226190477
2019-11-07,0.9,0.6281592261904763
2019-11-08,1.7,0.9391072420634923
2019-11-09,2.4,2.5465970924908445
2019-11-10,1.9,0.6904577380952385
2019-11-11,0.0,0.15234146825396816
2019-11-12,1.1,0.7152401785714284
2019-11-13,2.2,1.2103945436507935
2019-11-14,20.5,18.256083730158736
2019-11-15,3.2,6.098764285714287
2019-11-16,1.8,14.600467361111122
2019-11-17,0.0,0.5859321428571428
2019-11-18,0.0,0.8176948412698412
2019-11-19,0.0,0.0
2019-11-20,0.0,0.0
2019-11-21,0.0,0.0
2019-11-22,0.0,0.0
2019-11-23,0.7,0.16167500000000004
2019-11-24,1.7,0.8026023809523806
2019-11-25,0.0,0.39104236111111085
2019-11-26,0.0,0.7935241071428563
2019-11-27,0.0,0.0
2019-11-28,0.0,0.0
2019-11-29,0.0,0.0
2019-11-30,0.0,0.0
2019-12-01,0.0,0.0
2019-12-02,0.9,0.32060357142857154
2019-12-03,0.0,0.02863452380952382
2019-12-04,0.0,0.1964041666666666
2019-12-05,0.0,0.0
2019-12-06,0.0,0.0
2019-12-07,0.0,0.0
2019-12-08,0.4,0.22056011904761935
2019-12-09,1.8,0.3027809523809523
2019-12-10,4.2,1.7269450396825392
2019-12-11,2.5,2.0387806547619034
2019-12-12,6.1,7.3216344696969715
2019-12-13,2.5,2.2942348214285704
2019-12-14,0.8,3.514280357142855
2019-12-15,0.0,0.4382620039682537
2019-12-16,1.2,0.7946302579365075
2019-12-17,2.3,1.356896726190476
2019-12-18,2.4,2.9093779761904752
2019-12-19,5.8,5.416478273809524
2019-12-20,10.1,6.375539880952382
2019-12-21,3.1,3.3354547619047605
2019-12-22,1.0,3.397299702380949
2019-12-23,38.5,24.95259573412699
2019-12-24,0.2,0.6597380952380952
2019-12-25,1.0,3.6725815476190466
2019-12-26,3.4,1.47642003968254
2019-12-27,4.1,2.3367724206349187
2019-12-28,6.3,6.408590674603173
2019-12-29,9.1,6.1135992063492
2019-12-30,3.7,5.822117261904761
2019-12-31,2.1,5.310892343073591
2020-01-01,0.0,0.8932123015873025
2020-01-02,0.0,0.7899055555555557
2020-01-03,0.0,0.0
2020-01-04,0.1,0.040833333333333284
2020-01-05,0.7,0.3560592261904761
2020-01-06,0.1,0.10153035714285709
2020-01-07,0.0,0.31247003968253956
2020-01-08,0.0,0.01899583333333331
2020-01-09,0.0,0.0
2020-01-10,0.6,0.4912271825396818
2020-01-11,1.5,1.2134298611111107
2020-01-12,2.6,1.7849206349206357
2020-01-13,0.6,0.9346600198412692
2020-01-14,2.1,1.537818749999999
2020-01-15,0.0,0.15486517857142856
2020-01-16,0.0,0.07868214285714287
2020-01-17,2.8,1.541595833333332
2020-01-18,0.2,0.6249726190476186
2020-01-19,0.0,0.4370761904761903
2020-01-20,0.3,0.19093789682539675
2020-01-21,0.0,0.0011458333333333333
2020-01-22,0.0,0.05028690476190476
2020-01-23,1.3,0.7146046626984134
2020-01-24,2.4,1.2340848214285722
2020-01-25,2.1,2.4953609126984158
2020-01-26,0.0,0.2821142857142857
2020-01-27,0.6,0.7190938492063488
2020-01-28,0.8,0.4478499999999998
2020-01-29,0.1,0.5093369047619046
2020-01-30,3.4,2.564251785714286
2020-01-31,0.0,0.35490029761904734
2020-02-01,56.8,38.800645932539645
2020-02-02,0.6,1.3095333333333334
2020-02-03,0.0,0.7837419642857145
2020-02-04,0.0,0.1436767857142857
2020-02-05,0.0,0.0
2020-02-06,1.7,1.2605979978354984
2020-02-07,21.3,15.611177380952393
2020-02-08,0.0,2.1718595467032973
2020-02-09,0.0,4.11763214285714
2020-02-10,2.1,0.9977991071428575
2020-02-11,2.3,1.6637996031746038
2020-02-12,1.9,2.7811667658730164
2020-02-13,2.8,1.2588494318181818
2020-02-14,0.2,1.0131644841269836
2020-02-15,10.5,10.072586255411254
2020-02-16,7.0,3.814353174603172
2020-02-17,0.4,3.864356646825395
2020-02-18,2.0,2.011706286075036
2020-02-19,2.6,1.1979453373015885
2020-02-20,0.3,0.9860933531746042
2020-02-21,1.8,3.0756072420634917
2020-02-22,3.6,2.0907030753968243
2020-02-23,0.8,0.5141479166666667
2020-02-24,0.0,0.20585138888888885
2020-02-25,2.0,1.732712202380953
2020-02-26,9.3,6.827267559523814
2020-02-27,8.9,4.345894345238097
2020-02-28,0.0,0.11212500000000013
2020-02-29,0.0,0.41632083333333325
2020-03-01,0.0,0.0
2020-03-02,0.1,0.048837500000000034
2020-03-03,1.5,0.8917086309523806
2020-03-04,0.0,0.12595039682539683
2020-03-05,1.3,2.0875954004328987
2020-03-06,1.5,0.5539355158730159
2020-03-07,0.0,0.15721964285714285
2020-03-08,0.4,0.5628932539682541
2020-03-09,0.5,0.3095118055555554
2020-03-10,0.0,0.2090055555555555
2020-03-11,1.7,0.6935513077200578
2020-03-12,0.3,0.208074503968254
2020-03-13,0.0,0.5495625
2020-03-14,4.3,2.4831223214285725
2020-03-15,0.7,0.492621031746032
2020-03-16,0.0,1.6306028769841259
2020-03-17,2.7,1.7742836940836944
2020-03-18,0.0,0.3598812500000001
2020-03-19,0.6,0.8546289682539678
2020-03-20,0.2,0.1770154761904762
2020-03-21,0.2,0.4633396825396824
2020-03-22,0.0,0.11831071428571428
2020-03-23,0.5,0.41860238095238095
2020-03-24,0.9,0.5588110119047617
2020-03-25,0.9,0.8043367063492066
2020-03-26,0.3,0.2723179834054834
2020-03-27,0.1,0.2606296626984128
2020-03-28,0.0,0.08807946428571435
2020-03-29,0.0,0.027116666666666615
2020-03-30,0.1,0.04445238095238094
2020-03-31,0.7,0.5026588293650796
2020-04-01,0.8,0.4308119047619046
2020-04-02,0.0,0.13544553571428575
2020-04-03,0.0,0.13230178571428572
2020-04-04,0.0,0.0
2020-04-05,0.6,0.24703452380952354
2020-04-06,6.4,5.5683771825396855
2020-04-07,3.3,2.1423758928571446
2020-04-08,1.3,2.393437698412698
2020-04-09,0.3,0.6473793650793651
2020-04-10,0.1,0.5388276785714288
2020-04-11,4.8,3.6971197420634923
2020-04-12,6.2,4.589584623015873
2020-04-13,0.1,3.2377664682539695
2020-04-14,0.3,2.959744047619049
2020-04-15,1.0,0.6601276785714283
2020-04-16,7.1,6.313299206349208
2020-04-17,1.0,1.5983329365079373
2020-04-18,8.8,9.802291369047616
2020-04-19,0.2,0.5953662698412703
2020-04-20,0.1,4.445248015873013
2020-04-21,3.0,1.5993865079365093
2020-04-22,0.1,0.38608154761904745
2020-04-23,0.0,0.8680160714285716
2020-04-24,3.2,1.7237525793650792
2020-04-25,9.5,5.458800793650791
2020-04-26,4.6,5.906914484126985
2020-04-27,2.6,2.46852996031746
2020-04-28,0.0,1.1308601190476186
2020-04-29,1.7,0.2828083333333334
2020-04-30,3.6,1.2504132936507937
2020-05-01,0.3,0.20151289682539691
2020-05-02,0.0,0.32548184523809526
2020-05-03,0.0,0.12995476190476193
2020-05-04,0.0,0.0
2020-05-05,0.0,0.0
2020-05-06,1.5,1.0812556457431466
2020-05-07,0.0,0.03904583333333334
2020-05-08,0.0,0.18828750000000002
2020-05-09,0.0,0.0
2020-05-10,22.5,15.97367192460318
2020-05-11,6.8,9.18982700702076
2020-05-12,0.0,2.9054039682539674
2020-05-13,0.2,0.540692857142857
2020-05-14,5.2,1.7545744949494944
2020-05-15,32.7,27.747430753968242
2020-05-16,4.0,10.431792505411263
2020-05-17,0.2,8.290038988095239
2020-05-18,13.0,8.948549900793653
2020-05-19,11.6,9.161810416666663
2020-05-20,3.9,7.8454582792207725
2020-05-21,2.8,4.179460714285713
2020-05-22,0.6,2.408480555555554
2020-05-23,1.1,2.0717903769841284
2020-05-24,68.8,49.40386507936507
2020-05-25,39.1,39.11655248015872
2020-05-26,35.3,48.818544633838364
2020-05-27,5.6,13.851659424603183
2020-05-28,2.5,17.959341612554123
2020-05-29,2.9,3.6369740079365096
2020-05-30,1.3,1.8010247023809527
2020-05-31,1.2,1.866180357142856
2020-06-01,0.6,1.1200061507936505
2020-06-02,1.4,1.563775162337662
2020-06-03,9.1,7.315365178571433
2020-06-04,11.6,10.297306944444449
2020-06-05,3.8,8.037550297619054
2020-06-06,2.3,6.8108150793650815
2020-06-07,1.0,2.6724819444444434
2020-06-08,3.4,3.2620431547619044
2020-06-09,0.1,0.7877335317460311
2020-06-10,0.7,2.6913456349206344
2020-06-11,2.5,1.3189462301587305
2020-06-12,1.1,0.8822421626984124
2020-06-13,1.7,2.540867857142857
2020-06-14,2.9,1.9034575396825388
2020-06-15,3.1,3.8227448412698424
2020-06-16,3.1,3.493274107142859
2020-06-17,2.4,1.5911199404761915
2020-06-18,12.6,7.935071428571425
2020-06-19,3.0,4.43113521825397
2020-06-20,2.2,7.701140972222217
2020-06-21,12.0,8.224289339826836
2020-06-22,3.0,3.635449702380953
2020-06-23,0.5,7.281487229437225
2020-06-24,0.9,1.8694049603174605
2020-06-25,0.2,0.3724050054112555
2020-06-26,0.4,0.7341836309523814
2020-06-27,0.6,0.3337377976190472
2020-06-28,0.0,0.22295109126984083
2020-06-29,1.2,1.1161387987012992
2020-06-30,0.1,0.13925873015873022
2020-07-01,3.8,1.9527502435064925
2020-07-02,1.1,0.5979467261904763
2020-07-03,4.2,2.546038293650793
2020-07-04,3.6,1.1274342261904768
2020-07-05,3.9,2.2904691468253935
2020-07-06,2.8,3.197252083333337
2020-07-07,1.3,2.6232625
2020-07-08,2.4,3.198988726551227
2020-07-09,2.3,1.3501945436507938
2020-07-10,6.2,3.87029107142857
2020-07-11,7.0,5.97188938492064
2020-07-12,6.2,4.9926986111111145
2020-07-13,6.0,5.189243055555554
2020-07-14,1.3,3.3385497023809516
2020-07-15,6.3,5.660455113636367
2020-07-16,0.3,1.3789319444444452
2020-07-17,12.7,10.885780257936515
2020-07-18,15.6,10.964135119047619
2020-07-19,7.4,4.215835515873016
2020-07-20,5.2,8.271058928571433
2020-07-21,5.3,5.995481944444449
2020-07-22,10.3,9.922476686507938
2020-07-23,44.4,23.004160218253965
2020-07-24,4.7,7.018332485569982
2020-07-25,5.9,6.493091792929293
2020-07-26,7.6,4.2609558531746
2020-07-27,2.9,4.139936210317461
2020-07-28,0.2,3.0036036706349223
2020-07-29,0.6,1.7470416666666657
2020-07-30,0.3,0.19665446428571426
2020-07-31,1.5,0.6693136904761906
2020-08-01,8.4,4.974967956349206
2020-08-02,6.3,5.672087500000001
2020-08-03,13.1,14.09089265873016
2020-08-04,9.6,7.730988095238096
2020-08-05,8.0,9.693722916666678
2020-08-06,5.8,6.466681547619046
2020-08-07,2.5,3.0936328373015893
2020-08-08,2.0,3.6924233134920614
2020-08-09,1.2,2.0836115079365074
2020-08-10,0.8,1.1647651785714286
2020-08-11,0.1,0.7608158008658006
2020-08-12,1.1,0.8404374999999993
2020-08-13,0.6,0.3054792117604616
2020-08-14,0.0,0.526747123015873
2020-08-15,0.7,0.4935202380952384
2020-08-16,0.6,0.20019226190476203
2020-08-17,1.0,0.6799043650793658
2020-08-18,1.3,0.9143435515873013
2020-08-19,6.8,6.060341630591626
2020-08-20,7.6,5.181098412698411
2020-08-21,3.5,3.2162125000000037
2020-08-22,1.4,1.271939781746032
2020-08-23,3.8,1.8093308531746057
2020-08-24,5.4,2.9185477543290013
2020-08-25,4.4,1.544281547619049
2020-08-26,2.4,3.205462680375181
2020-08-27,2.3,2.654273033910536
2020-08-28,0.9,1.7033390900765903
2020-08-29,1.4,2.145965376984127
2020-08-30,1.8,0.9800625000000004
2020-08-31,21.2,15.338504365079368
2020-09-01,0.2,0.698550892857143
2020-09-02,1.1,1.5562009740259746
2020-09-03,1.3,0.7513288690476191
2020-09-04,0.0,0.688644841269841
2020-09-05,0.0,0.46839305555555505
2020-09-06,1.9,0.7265854166666668
2020-09-07,2.8,2.174195604395604
2020-09-08,2.7,3.6981197420634913
2020-09-09,28.0,18.311377777777768
2020-09-10,7.1,10.22555853174603
2020-09-11,12.5,28.92354778138532
2020-09-12,67.5,59.3357008567821
2020-09-13,14.2,13.102514880952395
2020-09-14,1.3,13.561634577922073
2020-09-15,0.7,3.5409327380952385
2020-09-16,0.5,0.9979113095238087
2020-09-17,1.7,1.2825741071428585
2020-09-18,2.1,1.3701381944444448
2020-09-19,3.1,3.457563690476187
2020-09-20,8.9,6.645583730158735
2020-09-21,22.3,16.479942956349216
2020-09-22,2.0,2.2890505952380957
2020-09-23,0.3,3.4759834325396817
2020-09-24,15.3,5.686703075396824
2020-09-25,23.2,15.258805555555561
2020-09-26,18.2,15.824975838744601
2020-09-27,1.6,12.319301884920636
2020-09-28,0.9,9.650874107142863
2020-09-29,8.2,3.5798241071428607
2020-09-30,2.9,2.0952477182539684
2020-10-01,7.3,9.95498422619047
2020-10-02,12.2,15.197384027777789
2020-10-03,18.1,19.406932341269833
2020-10-04,2.4,4.0292026785714325
2020-10-05,3.6,9.251365178571426
2020-10-06,3.9,1.9995497655122676
2020-10-07,1.0,1.8140496031746018
2020-10-08,0.2,1.1039698412698415
2020-10-09,1.3,0.9943485119047621
2020-10-10,5.2,3.565086408730159
2020-10-11,6.6,5.04623779761905
2020-10-12,7.5,6.684416071428573
2020-10-13,1.7,2.7726035714285713
2020-10-14,0.4,0.6530636904761906
2020-10-15,1.9,1.9866856150793657
2020-10-16,40.5,30.790007837301573
2020-10-17,6.3,11.879545535714271
2020-10-18,7.2,11.290046924603173
2020-10-19,22.5,17.122333035714277
2020-10-20,6.4,10.203730726911983
2020-10-21,40.5,46.67195168650792
2020-10-22,27.2,9.590866666666665
2020-10-23,1.3,4.157920436507937
2020-10-24,7.5,10.98055496031746
2020-10-25,46.3,31.81753422619046
2020-10-26,7.2,8.066146672077915
2020-10-27,2.7,15.080859226190471
2020-10-28,1.1,4.479317857142858
2020-10-29,3.6,2.584799801587302
2020-10-30,2.0,1.8698252976190484
2020-10-31,3.8,4.3573899801587315
2020-11-01,4.1,2.2056194444444452
2020-11-02,1.8,2.95470985750361
2020-11-03,0.0,0.6097450216450213
2020-11-04,0.0,0.5211640873015871
2020-11-05,15.0,8.16464712301587
2020-11-06,4.5,3.7194571428571455
2020-11-07,7.3,17.80920376984127
2020-11-08,52.8,40.227816865079355
2020-11-09,45.2,28.55197103174604
2020-11-10,9.8,14.529900252525273
2020-11-11,15.8,25.030752876984117
2020-11-12,12.8,15.29992619047619
2020-11-13,2.9,14.38361636904761
2020-11-14,2.0,4.148099007936508
2020-11-15,0.1,0.772325
2020-11-16,0.0,0.2787235119047619
2020-11-17,10.3,4.094785524891777
2020-11-18,0.0,0.8761686736874243
2020-11-19,0.4,1.5988630952380962
2020-11-20,2.4,1.3588853174603182
2020-11-21,2.1,1.3912441468253964
2020-11-22,5.5,4.822081646825398
2020-11-23,0.6,1.0844386904761905
2020-11-24,2.5,3.2259732142857125
2020-11-25,0.9,0.5464904761904762
2020-11-26,0.1,0.11249642857142858
2020-11-27,0.0,0.21090833333333348
2020-11-28,1.0,0.49730267857142857
2020-11-29,0.1,0.15668601190476195
2020-11-30,3.0,3.455980456349204
2020-12-01,15.6,4.096541666666669
2020-12-02,0.0,0.4233410714285713
2020-12-03,0.0,0.3950913690476191
2020-12-04,0.0,0.0
2020-12-05,3.2,1.987083080808082
2020-12-06,0.1,0.3377956349206347
2020-12-07,17.1,18.951317739899004
2020-12-08,0.0,0.2861648809523809
2020-12-09,0.0,0.1433458333333334
2020-12-10,0.0,0.0
2020-12-11,0.1,0.04813750000000003
2020-12-12,3.0,2.1569410714285726
2020-12-13,0.1,0.2863867063492062
2020-12-14,0.3,2.2726851190476167
2020-12-15,0.1,0.07651954365079368
2020-12-16,1.2,1.0674104166666667
2020-12-17,1.6,0.8284893578643571
2020-12-18,0.0,0.653792956349206
2020-12-19,0.0,0.38131428571428577
2020-12-20,0.5,0.2556858134920638
2020-12-21,0.5,0.2607728174603173
2020-12-22,0.0,0.23443244047619044
2020-12-23,0.0,0.08494067460317462
2020-12-24,2.2,1.5281342261904747
2020-12-25,4.9,3.059513392857142
2020-12-26,0.0,0.6664104166666666
2020-12-27,0.0,0.4185928571428572
2020-12-28,0.3,0.1166010912698412
2020-12-29,0.5,0.1343541666666667
2020-12-30,0.1,0.2830459325396825
2020-12-31,0.0,0.3736544552669552
2021-01-01,0.1,0.11220476190476215
2021-01-02,0.3,0.15286746031746043
2021-01-03,0.3,0.1823513888888888
2021-01-04,0.5,0.5736317460317465
2021-01-05,0.0,0.08414642857142857
2021-01-06,0.0,0.07555654761904756
2021-01-07,0.0,0.0
2021-01-08,0.8,0.6928336309523837
2021-01-09,0.0,0.013556547619047616
2021-01-10,0.0,0.03632708333333332
2021-01-11,0.0,0.0
2021-01-12,1.0,0.623153571428572
2021-01-13,0.0,0.02215833333333332
2021-01-14,11.8,11.210409036796532
2021-01-15,0.7,2.2563788690476185
2021-01-16,0.0,6.58100159493284
2021-01-17,0.0,0.10268630952380954
2021-01-18,1.8,0.6662983134920628
2021-01-19,0.0,0.07515029761904764
2021-01-20,0.0,0.3587258928571429
2021-01-21,0.0,0.0
2021-01-22,0.0,0.0
2021-01-23,0.0,0.0
2021-01-24,0.9,0.5003044642857147
2021-01-25,0.1,0.015162500000000002
2021-01-26,0.0,0.5524781746031748
2021-01-27,0.9,0.1781523809523809
2021-01-28,0.1,0.028138690476190477
2021-01-29,0.0,0.12086894841269835
2021-01-30,0.0,0.011645833333333331
2021-01-31,0.3,0.09028749999999991
2021-02-01,0.9,0.5607248015873015
2021-02-02,0.0,0.09059702380952384
2021-02-03,0.0,0.01720476190476191
2021-02-04,0.0,0.0
2021-02-05,0.0,0.0
2021-02-06,2.7,2.26149107142857
2021-02-07,0.9,0.5483639880952382
2021-02-08,5.8,6.578259821428567
2021-02-09,0.5,1.6285169642857154
2021-02-10,0.1,4.521567361111114
2021-02-11,0.1,0.34644583333333334
2021-02-12,1.3,0.7787630265567761
2021-02-13,10.6,8.404498611111112
2021-02-14,0.9,1.60092251984127
2021-02-15,1.7,3.006942559523811
2021-02-16,8.9,5.371053851010101
2021-02-17,6.6,4.780326884920633
2021-02-18,2.0,4.9167937500000045
2021-02-19,2.0,3.7734511904761905
2021-02-20,2.1,2.3877498015873013
2021-02-21,0.3,0.5309376803751803
2021-02-22,1.1,1.6348340277777766
2021-02-23,5.9,3.870058432539685
2021-02-24,3.1,2.363476587301588
2021-02-25,2.3,5.815771329365078
2021-02-26,1.2,1.0777654040404054
2021-02-27,0.1,0.6623944444444446
2021-02-28,4.0,2.167422420634921
2021-03-01,0.8,0.6956286706349205
2021-03-02,0.5,3.4471938492063483
2021-03-03,0.0,0.273691865079365
2021-03-04,0.0,0.06871428571428574
2021-03-05,0.0,0.0
2021-03-06,4.7,0.7405107142857138
2021-03-07,2.9,2.432405952380952
2021-03-08,0.3,1.598497817460318
2021-03-09,0.2,0.7743476190476188
2021-03-10,0.8,0.17243452380952373
2021-03-11,1.5,0.6665508928571429
2021-03-12,0.0,0.3599205357142854
2021-03-13,0.0,0.3740583333333334
2021-03-14,0.4,0.16002172619047608
2021-03-15,0.0,0.0078375
2021-03-16,0.1,0.38988898809523803
2021-03-17,0.4,0.23635833333333328
2021-03-18,2.4,1.6557247023809523
2021-03-19,1.9,1.3280050595238095
2021-03-20,0.0,0.2394535714285715
2021-03-21,1.5,0.9054900793650791
2021-03-22,0.0,0.030920833333333335
2021-03-23,0.0,0.750990476190476
2021-03-24,0.0,0.0
2021-03-25,2.0,0.6681717261904765
2021-03-26,0.0,0.17048793290043293
2021-03-27,0.0,1.4572702380952376
2021-03-28,0.5,0.3481452380952381
2021-03-29,2.1,1.1003234126984132
2021-03-30,0.7,0.8200306547619053
2021-03-31,0.8,1.0914982142857133
2021-04-01,3.1,2.286045932539682
2021-04-02,1.8,0.7444547619047619
2021-04-03,0.1,0.5591099206349208
2021-04-04,0.0,0.19802619047619047
2021-04-05,0.0,0.015548214285714275
2021-04-06,0.0,0.0
2021-04-07,0.0,0.0
2021-04-08,0.0,0.0
2021-04-09,0.0,0.0
2021-04-10,0.2,0.11949702380952404
2021-04-11,29.2,17.11641130952382
2021-04-12,8.4,8.847473313492063
2021-04-13,0.0,0.34325892857142853
2021-04-14,0.0,0.3860931547619048
2021-04-15,0.0,0.0
2021-04-16,0.1,0.05307083333333344
2021-04-17,0.0,0.0011458333333333333
2021-04-18,2.3,2.071936507936507
2021-04-19,4.9,3.942920932539682
2021-04-20,4.5,5.438866369047619
2021-04-21,6.5,7.959812130230883
2021-04-22,0.6,3.1402354166666675
2021-04-23,1.2,3.577743055555558
2021-04-24,3.1,1.3137645833333338
2021-04-25,0.4,0.6983214285714284
2021-04-26,2.0,1.7216169642857155
2021-04-27,0.7,0.2905267857142858
2021-04-28,0.0,0.2062098214285713
2021-04-29,1.7,1.3084523809523807
2021-04-30,0.6,0.36225386904761875
2021-05-01,1.4,2.221354770923521
2021-05-02,0.4,0.5939708333333337
2021-05-03,0.0,0.6148368777056276
2021-05-04,0.0,0.2904166666666674
2021-05-05,0.0,0.0
2021-05-06,0.4,0.2500386904761908
2021-05-07,25.9,4.528565773809522
2021-05-08,3.5,4.231789853896107
2021-05-09,2.0,2.3173012626262617
2021-05-10,1.1,1.904890972222222
2021-05-11,0.1,0.9090026785714285
2021-05-12,0.3,0.608275793650793
2021-05-13,6.1,4.10337678571429
2021-05-14,1.6,1.9500437499999976
2021-05-15,1.2,5.623269246031748
2021-05-16,1.3,0.5406065476190475
2021-05-17,1.0,0.4509160714285711
2021-05-18,0.8,0.44217033730158717
2021-05-19,0.7,0.5850306547619047
2021-05-20,2.0,0.6315875000000003
2021-05-21,0.4,0.4435386904761905
2021-05-22,0.0,0.3629696428571429
2021-05-23,0.1,0.09080416666666664
2021-05-24,0.0,0.00025
2021-05-25,0.4,0.19061785714285714
2021-05-26,0.0,0.014518749999999993
2021-05-27,0.0,0.21041190476190483
2021-05-28,1.3,0.6003984577922078
2021-05-29,0.2,0.18377440476190482
2021-05-30,1.0,1.7959636904761913
2021-05-31,6.1,4.220642956349206
2021-06-01,6.1,4.674995436507935
2021-06-02,4.5,6.344166666666658
2021-06-03,9.8,8.72163244047618
2021-06-04,4.1,4.4802827380952355
2021-06-05,1.6,2.7106894841269837
2021-06-06,1.6,2.3658958333333353
2021-06-07,0.9,0.8231438492063492
2021-06-08,0.3,0.5237718253968252
2021-06-09,0.5,0.3813922619047619
2021-06-10,0.9,0.30388373015873016
2021-06-11,0.8,0.7135175595238097
2021-06-12,1.4,1.2904806547619037
2021-06-13,3.6,2.680747438672438
2021-06-14,27.3,18.605888392857132
2021-06-15,9.1,10.629370734126985
2021-06-16,14.1,23.437623502885998
2021-06-17,12.7,9.872073511904762
2021-06-18,0.8,2.922320238095241
2021-06-19,0.6,3.6306050595238086
2021-06-20,5.1,2.53237003968254
2021-06-21,0.8,1.7670374458874454
2021-06-22,1.5,3.762441765873015
2021-06-23,3.9,2.3928354166666654
2021-06-24,2.7,3.321490476190478
2021-06-25,2.8,3.080365376984127
2021-06-26,3.5,2.4780506944444447
2021-06-27,2.5,1.9884658730158729
2021-06-28,1.0,2.3818670634920642
2021-06-29,16.5,12.637023214285719
2021-06-30,21.0,15.806579626623384
2021-07-01,9.9,19.855291161616172
2021-07-02,12.2,13.954621626984137
2021-07-03,6.8,6.346568452380951
2021-07-04,0.3,4.491621924603173
2021-07-05,11.0,9.002769642857157
2021-07-06,2.0,3.1147285714285715
2021-07-07,1.3,5.168660813492064
2021-07-08,2.0,1.468840476190478
2021-07-09,0.1,0.823515178571429
2021-07-10,3.0,3.5244658730158727
2021-07-11,4.7,2.05205248015873
2021-07-12,5.7,5.117611011904756
2021-07-13,9.8,7.403093055555559
2021-07-14,7.0,6.796962003968251
2021-07-15,1.5,5.155485515873016
2021-07-16,2.2,2.37858611111111
2021-07-17,1.7,1.4641714285714296
2021-07-18,2.8,1.8761565476190483
2021-07-19,0.5,0.6842626172438676
2021-07-20,2.8,3.7884442460317387
2021-07-21,1.2,0.9181113275613285
2021-07-22,4.3,3.4080619047619045
2021-07-23,6.2,3.117707242063495
2021-07-24,17.6,12.111763293650789
2021-07-25,5.1,5.907311228354978
2021-07-26,2.0,4.659354861111111
2021-07-27,1.5,2.501236607142856
2021-07-28,8.0,4.390128670634919
2021-07-29,6.2,2.8568876984126996
2021-07-30,17.9,5.987615945165949
2021-07-31,1.0,1.6307052579365067
2021-08-01,1.3,1.0303044642857144
2021-08-02,2.8,1.3105799603174604
2021-08-03,1.3,0.9508674603174606
2021-08-04,11.7,10.612163888888892
2021-08-05,0.8,2.0262022817460323
2021-08-06,1.2,7.063570535714287
2021-08-07,2.6,1.6273886904761903
2021-08-08,5.7,5.352122916666664
2021-08-09,0.5,1.007636011904762
2021-08-10,2.0,1.733750892857145
2021-08-11,4.6,1.5829169642857135
2021-08-12,3.8,1.321379563492064
2021-08-13,14.6,13.383941865079358
2021-08-14,9.7,3.6750950216450233
2021-08-15,2.2,2.518139880952379
2021-08-16,1.9,2.6239184523809502
2021-08-17,1.7,1.3648631070318575
2021-08-18,0.2,0.7752074404761913
2021-08-19,0.4,0.40664583333333326
2021-08-20,0.1,0.13087023809523798
2021-08-21,0.0,0.13263065476190475
2021-08-22,1.0,0.5697659722222218
2021-08-23,1.0,0.6046190476190472
2021-08-24,1.2,1.110993353174604
2021-08-25,2.0,1.0078994047619048
2021-08-26,7.0,4.508824206349202
2021-08-27,2.1,1.1144339285714284
2021-08-28,0.2,1.7240309523809518
2021-08-29,0.7,1.159053544372294
2021-08-30,1.9,1.085096924603175
2021-08-31,4.1,3.1645165674603204
2021-09-01,1.9,2.437929761904763
2021-09-02,11.3,8.322921825396826
2021-09-03,10.8,8.123740963203462
2021-09-04,4.6,9.636898511904757
2021-09-05,6.5,6.804737797619049
2021-09-06,7.1,3.2789640873015826
2021-09-07,4.3,3.7775831349206355
2021-09-08,2.0,5.767830654761903
2021-09-09,3.5,3.137069345238099
2021-09-10,0.7,1.2840108315295817
2021-09-11,0.3,2.435651190476188
2021-09-12,0.7,0.8048526064213567
2021-09-13,19.8,16.16050783730159
2021-09-14,5.5,5.867156249999997
2021-09-15,3.0,10.626843650793665
2021-09-16,2.5,4.902123214285714
2021-09-17,8.5,7.499413392857143
2021-09-18,16.0,11.652177976190474
2021-09-19,5.3,8.158209523809518
2021-09-20,4.9,11.742379662698418
2021-09-21,15.6,11.806856448412708
2021-09-22,2.8,7.24810367063492
2021-09-23,5.6,13.693484226190478
2021-09-24,38.3,22.836965376984118
2021-09-25,29.2,17.09116448412697
2021-09-26,2.8,4.581071626984129
2021-09-27,0.4,0.422417261904762
2021-09-28,1.0,0.6645806547619051
2021-09-29,0.2,0.20158298160173152
2021-09-30,1.6,1.0734612103174603
2021-10-01,0.5,0.5643610119047622
2021-10-02,0.9,0.5836928571428568
2021-10-03,1.0,0.15904851190476196
2021-10-04,0.7,0.29923045634920636
2021-10-05,1.1,0.7948511363636362
2021-10-06,0.5,0.6131246031746036
2021-10-07,1.1,1.096815773809523
2021-10-08,0.6,0.5154999729437223
2021-10-09,11.2,10.22498085317461
2021-10-10,4.1,2.9232172619047616
2021-10-11,1.5,5.221062698412701
2021-10-12,0.9,2.0559957341269843
2021-10-13,0.7,0.5749079365079368
2021-10-14,0.5,0.3504869318181818
2021-10-15,2.7,1.6627068452380942
2021-10-16,1.1,0.7941034722222231
2021-10-17,3.6,3.854117261904766
2021-10-18,2.7,1.054714186507937
2021-10-19,0.0,0.5044233225108222
2021-10-20,0.0,0.33205059523809516
2021-10-21,0.1,0.03370833333333328
2021-10-22,6.2,5.649239285714287
2021-10-23,1.1,1.8111279761904755
2021-10-24,3.8,9.213593984487733
2021-10-25,19.8,13.245067658730152
2021-10-26,1.8,4.057324801587303
2021-10-27,2.7,11.059813392857148
2021-10-28,1.1,1.6717587481962477
2021-10-29,13.5,9.976310119047614
2021-10-30,0.4,0.5709988095238095
2021-10-31,0.1,1.0605922619047625
2021-11-01,0.4,0.15442380952380955
2021-11-02,21.8,12.98502182539683
2021-11-03,0.3,1.4126088383838393
2021-11-04,1.5,13.857602976190476
2021-11-05,32.3,17.837556845238083
2021-11-06,0.1,4.095591468253968
2021-11-07,0.0,1.3535398809523818
2021-11-08,0.0,0.0373898809523809
2021-11-09,0.0,0.0
2021-11-10,1.3,1.03614513888889
2021-11-11,1.2,0.6912738095238093
2021-11-12,10.2,9.749954166666667
2021-11-13,0.8,2.4007473033910527
2021-11-14,0.0,7.438885615079366
2021-11-15,0.0,0.2722873015873015
2021-11-16,0.0,0.0
2021-11-17,0.3,0.16636636904761876
2021-11-18,8.5,6.264713988095239
2021-11-19,34.2,26.303627976190498
2021-11-20,11.8,15.815573611111118
2021-11-21,8.0,16.31793373015872
2021-11-22,1.6,6.362554247835499
2021-11-23,0.0,0.22630446428571432
2021-11-24,0.0,0.6000226190476193
2021-11-25,0.5,0.22536439393939406
2021-11-26,0.2,0.10051299603174604
2021-11-27,0.0,0.3105336309523812
2021-11-28,0.0,0.12433869047619071
2021-11-29,0.0,0.0
2021-11-30,0.0,0.0
2021-12-01,0.0,0.0
2021-12-02,0.0,0.0
2021-12-03,0.0,0.0
2021-12-04,0.0,0.0
2021-12-05,0.0,0.0
2021-12-06,1.9,1.449870337301586
2021-12-07,0.0,0.23056558441558436
2021-12-08,0.0,1.4326802579365059
2021-12-09,0.0,0.0
2021-12-10,0.5,0.23069583333333335
2021-12-11,0.5,0.22964424603174596
2021-12-12,1.7,1.0279302579365082
2021-12-13,0.5,0.31580476190476164
2021-12-14,0.3,0.3507138888888884
2021-12-15,3.5,1.9693805555555566
2021-12-16,1.6,0.8606642857142859
2021-12-17,0.1,1.4733991071428565
2021-12-18,3.3,1.639099007936509
2021-12-19,13.7,7.617910714285707
2021-12-20,1.1,2.9796309523809557
2021-12-21,3.4,14.116481646825395
2021-12-22,0.1,0.6596040854978353
2021-12-23,0.0,0.12294146825396828
2021-12-24,0.2,0.04850773809523806
2021-12-25,0.0,0.004270833333333335
2021-12-26,0.3,0.22906815476190462
2021-12-27,0.0,0.013077083333333335
2021-12-28,0.5,0.388641666666667
2021-12-29,0.7,0.3153163690476187
2021-12-30,0.3,0.2896070977633477
2021-12-31,1.6,1.440203463203462
2022-01-01,1.1,0.6044487103174608
2022-01-02,0.0,0.5361255952380948
2022-01-03,1.5,1.2535087301587304
2022-01-04,0.0,0.09009583333333333
2022-01-05,2.4,3.081083234126983
2022-01-06,0.0,0.17171964285714295
2022-01-07,4.4,5.976273259379508
2022-01-08,2.1,1.3987278957153955
2022-01-09,11.8,12.591580753968252
2022-01-10,5.9,4.595346536796536
2022-01-11,10.6,12.429685218253978
2022-01-12,7.8,6.241135200216454
2022-01-13,2.1,6.291641071428569
2022-01-14,0.0,0.01480833333333333
2022-01-15,0.0,0.06598125000000003
2022-01-16,5.8,2.8963226190476217
2022-01-17,0.0,0.4448898809523809
2022-01-18,0.0,0.10123809523809524
2022-01-19,0.1,0.026899999999999966
2022-01-20,1.1,0.9196173611111109
2022-01-21,22.2,18.00514791666668
2022-01-22,10.4,16.998784821428572
2022-01-23,5.4,15.22532673160173
2022-01-24,0.0,0.2648752976190476
2022-01-25,0.0,1.1398952380952374
2022-01-26,20.3,10.152549702380956
2022-01-27,9.2,8.621224007936505
2022-01-28,0.4,13.432963988095228
2022-01-29,0.1,1.3015724206349208
2022-01-30,0.0,0.050557738095238086
2022-01-31,0.0,0.02057499999999997
2022-02-01,0.0,0.0
2022-02-02,0.1,0.043650297619047596
2022-02-03,0.0,0.002079166666666667
2022-02-04,0.0,0.0396666666666666
2022-02-05,2.1,1.662176091269842
2022-02-06,0.3,0.18762857142857153
2022-02-07,0.1,0.8425425054112563
2022-02-08,0.7,0.5534503968253971
2022-02-09,21.0,16.62754097222223
2022-02-10,0.0,0.6574193452380953
2022-02-11,0.6,2.4478566468253957
2022-02-12,5.9,3.019667658730161
2022-02-13,23.0,20.138452083333338
2022-02-14,0.0,0.06086666666666666
2022-02-15,0.3,4.054217361111111
2022-02-16,1.6,0.7142139880952386
2022-02-17,7.2,4.389724503968256
2022-02-18,1.6,1.1755404761904762
2022-02-19,13.5,11.992556845238102
2022-02-20,5.9,4.621813194444443
2022-02-21,2.7,7.129646329365084
2022-02-22,1.1,1.6746075396825395
2022-02-23,0.3,0.5119380952380953
2022-02-24,1.1,0.6536179563492062
2022-02-25,0.3,0.21812564033189033
2022-02-26,0.0,0.507936408730159
2022-02-27,0.8,0.38864533730158735
2022-02-28,4.9,3.9404549603174583
2022-03-01,1.2,1.5671289682539689
2022-03-02,3.0,5.431610714285714
2022-03-03,0.5,0.5972758928571432
2022-03-04,0.0,0.05757083333333333
2022-03-05,0.1,0.2987583333333332
2022-03-06,0.9,0.2603669642857142
2022-03-07,1.2,0.7933250992063497
2022-03-08,2.9,2.2640991071428567
2022-03-09,0.0,0.5559693452380947
2022-03-10,0.4,1.7570140873015878
2022-03-11,0.1,0.035943154761904746
2022-03-12,1.3,1.0226662337662347
2022-03-13,1.4,0.200778373015873
2022-03-14,0.2,0.32298204365079336
2022-03-15,9.1,7.6457446428571405
2022-03-16,4.7,4.067261011904761
2022-03-17,3.9,10.093167857142864
2022-03-18,2.2,1.0033345238095237
2022-03-19,2.0,1.3466960317460326
2022-03-20,5.4,3.696219146825395
2022-03-21,1.7,1.8382231150793638
2022-03-22,0.1,1.05747123015873
2022-03-23,0.9,1.3105053571428573
2022-03-24,1.3,0.8383527777777777
2022-03-25,8.7,4.1752003968254
2022-03-26,0.0,0.3517410714285713
2022-03-27,0.0,0.5044999999999998
2022-03-28,0.0,0.0
2022-03-29,0.0,0.0
2022-03-30,0.0,0.0
2022-03-31,0.8,0.4839266865079367
2022-04-01,7.1,5.8418296626984105
2022-04-02,4.8,3.371183234126987
2022-04-03,10.7,11.637141071428578
2022-04-04,2.1,3.9600145292207753
2022-04-05,2.5,1.0172880952380958
2022-04-06,0.8,1.519969462481963
2022-04-07,1.2,1.9817628968253953
2022-04-08,0.0,0.2707065476190477
2022-04-09,0.0,0.12996011904761906
2022-04-10,0.0,0.0
2022-04-11,0.0,0.0
2022-04-12,0.1,0.03212321428571423
2022-04-13,0.3,0.1275857142857142
2022-04-14,1.0,0.6681039682539689
2022-04-15,10.5,9.835211408730157
2022-04-16,3.1,2.5435682539682545
2022-04-17,1.1,4.642088492063496
2022-04-18,2.2,2.8279780303030306
2022-04-19,6.6,3.595975992063492
2022-04-20,1.3,0.8360838293650805
2022-04-21,0.6,1.2245031746031743
2022-04-22,2.6,1.1907785714285715
2022-04-23,1.6,0.7299467261904762
2022-04-24,1.3,0.152430753968254
2022-04-25,1.9,0.6621678571428572
2022-04-26,0.5,0.12627440476190477
2022-04-27,1.2,0.6467586309523803
2022-04-28,3.6,1.1323528769841271
2022-04-29,12.0,9.658843253968255
2022-04-30,37.0,15.303032242063493
2022-05-01,0.9,1.6726273538961036
2022-05-02,0.3,0.5341342261904761
2022-05-03,2.9,1.356605420274171
2022-05-04,2.9,1.7315875992063485
2022-05-05,15.8,1.7572428571428567
2022-05-06,2.2,1.108590674603174
2022-05-07,4.6,2.7787577110389607
2022-05-08,10.5,3.82479851190476
2022-05-09,1.0,1.1434589285714285
2022-05-10,0.1,0.5660214285714289
2022-05-11,2.5,0.23651428571428584
2022-05-12,11.4,2.1852702380952387
2022-05-13,10.0,4.0748346951659435
2022-05-14,1.7,0.8458994047619054
2022-05-15,4.1,2.3831857142857147
2022-05-16,15.1,7.134074107142862
2022-05-17,8.3,1.246037797619047
2022-05-18,1.7,0.3692830357142855
2022-05-19,0.0,1.4389938492063492
2022-05-20,4.6,2.7723851190476214
2022-05-21,5.7,3.192655753968252
2022-05-22,0.0,1.2398092261904767
2022-05-23,0.7,1.3771041666666664
2022-05-24,1.8,0.30181795634920644
2022-05-25,0.0,0.23213392857142828
2022-05-26,0.0,0.34082529761904745
2022-05-27,0.8,0.3221513888888888
2022-05-28,5.9,1.6736822420634934
2022-05-29,16.3,10.924602083333337
2022-05-30,4.9,7.259850297619052
2022-05-31,12.4,19.682463492063494
2022-06-01,12.6,5.347158928571428
2022-06-02,6.9,9.557113690476188
2022-06-03,48.8,37.886962463924945
2022-06-04,128.8,79.63292499098122
2022-06-05,3.0,27.826598115079342
2022-06-06,7.3,16.673703787878793
2022-06-07,37.4,24.011433035714294
2022-06-08,9.6,13.522237797619038
2022-06-09,39.8,29.025798809523845
2022-06-10,11.5,10.789295535714286
2022-06-11,25.6,15.989558928571425
2022-06-12,0.7,5.6580147727272765
2022-06-13,1.8,2.127617361111113
2022-06-14,1.1,0.9432869047619049
2022-06-15,1.1,2.0185997023809517
2022-06-16,1.5,1.4587327380952388
2022-06-17,1.1,1.3065555555555568
2022-06-18,2.0,2.3516471230158715
2022-06-19,5.8,4.5918445797258265
2022-06-20,3.3,3.7187411706349214
2022-06-21,8.9,7.900702876984135
2022-06-22,0.8,0.9518514880952377
2022-06-23,0.0,2.926243452380952
2022-06-24,0.5,0.7443095598845594
2022-06-25,12.8,9.083867261904766
2022-06-26,3.5,3.160383928571429
2022-06-27,3.4,5.1315759920634925
2022-06-28,0.7,1.2188321428571438
2022-06-29,1.7,1.591641765873015
2022-06-30,0.9,0.8705080357142866
2022-07-01,0.6,0.3389272817460314
2022-07-02,1.0,0.880778264790765
2022-07-03,0.0,0.10969563492063489
2022-07-04,1.3,0.48674583333333354
2022-07-05,3.3,1.6019504960317463
2022-07-06,13.9,8.637336706349204
2022-07-07,0.4,3.3206562500000025
2022-07-08,1.3,4.70165327380952
2022-07-09,2.9,0.9993537698412706
2022-07-10,3.1,0.9156424603174597
2022-07-11,1.2,0.7575217261904768
2022-07-12,0.0,1.0031699404761911
2022-07-13,0.3,0.604987698412698
2022-07-14,10.0,6.254726190476186
2022-07-15,13.0,7.643006087662335
2022-07-16,16.8,12.278584226190477
2022-07-17,10.1,10.180757738095238
2022-07-18,0.3,1.3292556547619052
2022-07-19,0.2,0.8419916666666668
2022-07-20,0.4,0.11949871031746037
2022-07-21,1.3,0.7294157738095237
2022-07-22,2.6,1.69906130952381
2022-07-23,5.7,4.214839583333332
2022-07-24,0.7,0.6357798611111114
2022-07-25,0.9,0.7886279761904763
2022-07-26,8.6,6.037981051587298
2022-07-27,2.7,2.2263267857142846
2022-07-28,0.6,0.9136547619047616
2022-07-29,3.0,1.1625386904761905
2022-07-30,0.9,0.38528184523809517
2022-07-31,0.3,0.2692922619047619
2022-08-01,1.1,0.8738586309523814
2022-08-02,0.9,0.6795525793650797
2022-08-03,0.4,0.6699341269841272
2022-08-04,0.8,1.0057956800144296
2022-08-05,8.3,3.683274702380954
2022-08-06,3.3,0.7911596230158726
2022-08-07,8.7,7.036951488095236
2022-08-08,3.9,2.246283928571429
2022-08-09,2.0,3.1234386904761937
2022-08-10,0.6,0.8435072420634924
2022-08-11,0.0,0.543328571428571
2022-08-12,2.1,0.7022931547619043
2022-08-13,0.9,0.6274976190476186
2022-08-14,3.4,4.6209077380952355
2022-08-15,0.9,1.256481944444444
2022-08-16,2.0,4.227372321428577
2022-08-17,3.4,2.2622131944444455
2022-08-18,3.7,2.2220365079365085
2022-08-19,1.0,0.6323601190476188
2022-08-20,9.6,5.981978571428568
2022-08-21,0.6,0.5073315476190476
2022-08-22,1.7,1.6375839285714304
2022-08-23,1.4,0.884204067460318
2022-08-24,1.6,1.8145724206349214
2022-08-25,7.5,3.670058234126986
2022-08-26,1.3,1.1051952380952377
2022-08-27,8.9,11.347091423160169
2022-08-28,15.1,10.234492757936506
2022-08-29,2.1,6.160959117965367
2022-08-30,2.2,2.911926785714287
2022-08-31,6.7,2.1697773809523793
2022-09-01,1.2,1.067040178571429
2022-09-02,0.0,2.7580540043290034
2022-09-03,1.7,1.0289374999999998
2022-09-04,1.2,0.19531160714285703
2022-09-05,0.0,0.5481929563492071
2022-09-06,4.7,2.5423154491341986
2022-09-07,5.7,3.8168282738095236
2022-09-08,9.8,10.56994097222223
2022-09-09,3.8,4.631205952380955
2022-09-10,5.0,4.741948115079366
2022-09-11,9.0,4.988251488095239
2022-09-12,6.5,5.371766648629149
2022-09-13,9.5,7.808658928571423
2022-09-14,23.8,12.809253030303042
2022-09-15,3.4,7.835222465728722
2022-09-16,16.5,24.765067559523814
2022-09-17,10.7,9.699412500000008
2022-09-18,19.3,18.187288095238102
2022-09-19,5.8,9.388652831890344
2022-09-20,0.7,5.530800396825395
2022-09-21,7.8,4.217318849206351
2022-09-22,3.0,2.1439439484126974
2022-09-23,0.1,0.5826220238095239
2022-09-24,9.4,4.694081249999998
2022-09-25,4.6,2.954240476190474
2022-09-26,1.6,7.951692938311685
2022-09-27,83.5,57.637387599206306
2022-09-28,63.5,48.34594553571431
2022-09-29,0.2,15.847305059523809
2022-09-30,0.0,6.486844940476195
2022-10-01,3.1,1.8134934523809507
2022-10-02,11.5,8.469951875901872
2022-10-03,0.0,1.1724951388888902
2022-10-04,0.2,4.241412499999999
2022-10-05,1.4,0.3116832341269841
2022-10-06,0.6,0.32227708333333305
2022-10-07,0.0,0.367488492063492
2022-10-08,2.9,1.9063831349206348
2022-10-09,18.2,11.715813888888885
2022-10-10,1.2,4.708467857142861
2022-10-11,1.0,5.512708035714284
2022-10-12,1.6,1.0906772817460322
2022-10-13,10.9,9.868451488095243
2022-10-14,5.9,4.925966666666665
2022-10-15,15.9,13.601822222222205
2022-10-16,1.6,1.0904119859307353
2022-10-17,5.4,3.3072997023809516
2022-10-18,1.8,2.183383333333332
2022-10-19,18.2,17.94522996031747
2022-10-20,1.5,4.019138320707068
2022-10-21,1.2,8.49006758658009
2022-10-22,0.4,0.5246612103174604
2022-10-23,0.1,0.17612063492063496
2022-10-24,1.0,0.5769240079365072
2022-10-25,0.0,0.05113660714285718
2022-10-26,0.0,0.12441428571428573
2022-10-27,0.0,0.0
2022-10-28,0.7,0.14585734126984126
2022-10-29,1.6,0.5767858405483411
2022-10-30,1.7,1.0410705357142864
2022-10-31,3.6,2.6232152777777786
2022-11-01,1.1,1.2737508928571433
2022-11-02,1.4,3.16653759920635
2022-11-03,1.6,0.8551740349927853
2022-11-04,0.2,0.45011081349206356
2022-11-05,1.1,0.24135575396825398
2022-11-06,2.6,0.7618645833333332
2022-11-07,0.5,0.21220535714285702
2022-11-08,1.6,0.6504166666666668
2022-11-09,43.4,34.96685615079367
2022-11-10,5.9,16.818368154761913
2022-11-11,0.8,3.4631933531746033
2022-11-12,0.8,2.234802876984127
2022-11-13,1.1,0.971809686147187
2022-11-14,0.5,0.41241553030303035
2022-11-15,0.3,0.2085345238095238
2022-11-16,0.6,0.49729712301587287
2022-11-17,0.3,0.3765267857142854
2022-11-18,0.7,0.7987656746031753
2022-11-19,0.1,0.24528839285714268
2022-11-20,24.1,21.24498640873017
2022-11-21,6.7,9.767712310606067
2022-11-22,7.5,19.440844940476172
2022-11-23,1.8,3.9338931547619063
2022-11-24,0.8,3.035001984126982
2022-11-25,0.8,1.212322916666666
2022-11-26,0.2,0.47100089285714264
2022-11-27,1.4,1.496206845238094
2022-11-28,0.3,0.28679702380952393
2022-11-29,0.2,1.09681369047619
2022-11-30,1.8,1.0131556547619052
2022-12-01,5.0,3.8641500992063498
2022-12-02,1.5,1.1588909722222234
2022-12-03,0.4,0.27342123015873027
2022-12-04,0.0,0.23998035714285718
2022-12-05,0.6,0.16493700396825395
2022-12-06,0.6,0.33272371031746006
2022-12-07,0.8,1.0835206349206352
2022-12-08,0.4,0.28713591269841277
2022-12-09,1.4,1.203438104256854
2022-12-10,3.0,2.1687804563492072
2022-12-11,0.0,0.3664190476190474
2022-12-12,0.0,1.3691166666666674
2022-12-13,0.0,0.0
2022-12-14,0.7,0.37413749999999996
2022-12-15,1.1,0.6470034722222217
2022-12-16,4.2,4.32283758116883
2022-12-17,10.0,8.072352579365075
2022-12-18,57.6,35.641910317460336
2022-12-19,0.0,5.326262103174602
2022-12-20,0.4,11.596105357142855
2022-12-21,21.0,14.351845535714281
2022-12-22,0.3,4.1526748106060625
2022-12-23,2.7,18.44845089285716
2022-12-24,0.4,0.6885803571428566
2022-12-25,9.7,1.836964285714286
2022-12-26,12.2,5.816524206349203
2022-12-27,16.7,15.211169489538252
2022-12-28,0.9,0.7874808531746037
2022-12-29,1.0,1.8742541666666666
2022-12-30,1.2,1.2604776785714285
2022-12-31,0.2,0.5319705357142854
2023-01-01,1.1,1.3245830357142858
2023-01-02,0.0,0.12205416666666677
2023-01-03,3.5,3.2944969246031706
2023-01-04,1.4,0.9751140873015871
2023-01-05,0.3,2.2871404761904772
2023-01-06,0.0,0.6902297619047613
2023-01-07,0.0,0.04148452380952378
2023-01-08,0.0,0.0
2023-01-09,1.0,0.2183636904761903
2023-01-10,0.1,0.07132261904761908
2023-01-11,0.0,0.08220744047619041
2023-01-12,0.0,0.017433928571428548
2023-01-13,4.5,2.7790092261904773
2023-01-14,0.0,0.032874999999999995
2023-01-15,0.0,0.24685416666666668
2023-01-16,0.0,0.0
2023-01-17,0.0,0.0
2023-01-18,0.0,0.0
2023-01-19,0.0,0.0
2023-01-20,0.0,0.0
2023-01-21,0.0,0.0
2023-01-22,0.2,0.14353690476190514
2023-01-23,1.6,1.1736544642857152
2023-01-24,1.4,1.109365178571429
2023-01-25,0.7,1.1402057539682537
2023-01-26,3.1,2.335497321428573
2023-01-27,0.0,0.5324254599567101
2023-01-28,0.4,2.132079662698412
2023-01-29,0.0,0.015049999999999985
2023-01-30,1.5,1.3151098214285708
2023-01-31,0.2,0.1326239087301588
2023-02-01,0.2,0.567636011904762
2023-02-02,0.3,0.2842431547619047
2023-02-03,0.0,0.042687500000000024
2023-02-04,4.9,4.196614682539686
2023-02-05,28.9,15.958107142857141
2023-02-06,17.9,7.899751884920635
2023-02-07,0.0,0.5258648809523807
2023-02-08,0.0,0.7179210317460316
2023-02-09,1.1,0.7480732142857142
2023-02-10,0.3,0.09481478174603179
2023-02-11,0.1,0.7744134920634923
2023-02-12,2.3,1.6387553571428577
2023-02-13,0.0,0.07253075396825398
2023-02-14,0.0,0.03822619047619046
2023-02-15,0.0,0.0
2023-02-16,0.0,0.0
2023-02-17,4.7,3.9224179563492036
2023-02-18,0.9,1.1020364087301582
2023-02-19,1.2,4.1097440476190465
2023-02-20,0.0,0.27294226190476173
2023-02-21,0.0,0.4141771825396826
2023-02-22,0.0,0.0
2023-02-23,0.4,0.3069202380952394
2023-02-24,0.0,0.012180357142857144
2023-02-25,0.0,0.10178343253968247
2023-02-26,0.0,0.0
2023-02-27,0.0,0.0
2023-02-28,0.0,0.0
2023-03-01,0.0,0.0
2023-03-02,0.0,0.0
2023-03-03,0.1,0.07442857142857183
2023-03-04,0.0,0.00025
2023-03-05,0.0,0.020267857142857112
2023-03-06,0.8,0.32675773809523784
2023-03-07,3.1,1.51883391053391
2023-03-08,5.1,3.0689559523809518
2023-03-09,0.0,1.2103354166666669
2023-03-10,0.0,0.03630416666666667
2023-03-11,0.6,0.13745238095238096
2023-03-12,0.2,0.15929434523809521
2023-03-13,0.9,0.7377801406926408
2023-03-14,4.1,3.1543217803030337
2023-03-15,4.7,1.8920882936507943
2023-03-16,0.0,0.1320492063492064
2023-03-17,0.0,0.23849305555555544
2023-03-18,0.0,0.0
2023-03-19,3.9,3.386276605339099
2023-03-20,27.0,21.225166865079373
2023-03-21,0.2,0.874050568181818
2023-03-22,0.1,0.1895833333333333
2023-03-23,0.0,0.07019702380952383
2023-03-24,0.3,0.19620982142857143
2023-03-25,0.1,0.046157738095238085
2023-03-26,0.0,0.1971511904761905
2023-03-27,0.6,0.4417883928571424
2023-03-28,16.9,12.002337896825402
2023-03-29,3.5,4.935589384920636
2023-03-30,58.5,21.14185297619049
2023-03-31,1.5,1.814260416666666
2023-04-01,0.5,8.496797023809524
2023-04-02,1.7,1.18550882936508
2023-04-03,0.3,0.4758522817460314
2023-04-04,0.6,0.5829075396825398
2023-04-05,0.0,0.17820178571428597
2023-04-06,0.9,0.7474287698412699
2023-04-07,0.6,0.2479529220779222
2023-04-08,1.0,0.17226101190476192
2023-04-09,29.2,1.5068003697691201
2023-04-10,3.9,12.856745260989017
2023-04-11,30.0,29.64787182539685
2023-04-12,27.8,19.3978625
2023-04-13,5.8,4.847246825396824
2023-04-14,0.7,16.797481249999997
2023-04-15,0.1,2.772991125541127
2023-04-16,3.5,1.9107296626984138
2023-04-17,14.9,10.98433412698413
2023-04-18,0.1,1.6167194444444453
2023-04-19,0.1,2.2750601190476196
2023-04-20,0.8,0.21667559523809518
2023-04-21,0.5,0.29032803030303017
2023-04-22,1.1,1.1521526785714293
2023-04-23,0.6,0.38696339285714276
2023-04-24,4.5,4.547217261904765
2023-04-25,4.6,3.2821383928571417
2023-04-26,21.9,14.94203531746032
2023-04-27,6.7,1.6924395833333352
2023-04-28,10.4,16.10742271825397
2023-04-29,1.0,3.6063868055555575
2023-04-30,6.2,7.0968977182539685
2023-05-01,0.0,0.19312083333333327
2023-05-02,0.0,2.7328442460317444
2023-05-03,0.0,0.0
2023-05-04,0.0,0.0
2023-05-05,0.0,0.0
2023-05-06,0.8,0.28937073412698405
2023-05-07,3.2,1.4054640873015884
2023-05-08,0.0,0.0725345238095238
2023-05-09,0.2,0.6006404761904764
2023-05-10,0.1,0.03889523809523809
2023-05-11,0.0,0.08836398809523822
2023-05-12,0.0,0.03024166666666663
2023-05-13,0.3,0.11861845238095232
2023-05-14,1.2,0.29412648809523806
2023-05-15,3.5,1.9612742063492075
2023-05-16,1.9,0.823892478354979
2023-05-17,6.6,2.5133719246031747
2023-05-18,2.2,0.6289574404761901
2023-05-19,7.1,6.321700892857141
2023-05-20,0.9,1.931397817460317
2023-05-21,1.1,4.072202678571431
2023-05-22,3.5,1.8854589285714285
2023-05-23,4.9,3.4736317099567096
2023-05-24,25.3,20.888849999999998
2023-05-25,9.4,11.02174702380952
2023-05-26,25.1,18.87584880952382
2023-05-27,9.6,2.257020535714288
2023-05-28,8.0,1.4315170634920635
2023-05-29,0.0,2.861753174603174
2023-05-30,2.4,5.611821726190484
2023-05-31,6.9,4.15236726190476
2023-06-01,25.0,17.40006011904762
2023-06-02,9.8,12.283618650793644
2023-06-03,5.5,12.712859226190474
2023-06-04,16.3,13.851125694444427
2023-06-05,2.5,3.474406547619048
2023-06-06,9.6,16.46266319444445
2023-06-07,8.6,7.634243849206345
2023-06-08,7.2,8.031566747835507
2023-06-09,10.0,8.939699783549784
2023-06-10,6.6,3.0100402777777786
2023-06-11,4.9,3.1033904761904756
2023-06-12,20.0,10.51501031746031
2023-06-13,5.3,4.305945535714284
2023-06-14,1.8,6.987432837301578
2023-06-15,2.8,3.226715376984131
2023-06-16,3.3,1.4690211309523795
2023-06-17,11.3,6.669796130952375
2023-06-18,17.9,11.38307232142858
2023-06-19,10.3,12.39382569444445
2023-06-20,6.8,9.385122619047616
2023-06-21,21.0,18.11496408730159
2023-06-22,5.4,10.35988670634921
2023-06-23,5.5,12.981844345238084
2023-06-24,3.7,4.764440476190478
2023-06-25,32.2,26.437955059523787
2023-06-26,7.9,8.964767902236646
2023-06-27,5.3,9.125355681818187
2023-06-28,0.9,3.832564583333333
2023-06-29,18.6,8.98684613095239
2023-06-30,6.9,5.170102101370853
2023-07-01,15.2,18.42818392857144
2023-07-02,10.6,6.715219444444447
2023-07-03,3.9,8.33775496031746
2023-07-04,3.0,6.161526091269834
2023-07-05,0.8,1.9244532738095228
2023-07-06,2.3,2.0749821428571424
2023-07-07,4.7,3.3909114087301613
2023-07-08,7.9,6.1457201208513705
2023-07-09,1.4,3.3317321428571414
2023-07-10,0.9,4.183351190476191
2023-07-11,0.4,0.7273215277777777
2023-07-12,0.0,0.4807633928571427
2023-07-13,4.7,3.135576488095238
2023-07-14,27.8,12.650841071428575
2023-07-15,1.4,5.636144047619045
2023-07-16,1.3,3.366231249999997
2023-07-17,5.3,2.5376223575036083
2023-07-18,4.7,3.3881957341269873
2023-07-19,3.0,4.70976755952381
2023-07-20,0.7,1.5945015873015884
2023-07-21,6.2,4.208811020923523
2023-07-22,1.1,2.0434551587301577
2023-07-23,2.3,0.8755327110389609
2023-07-24,0.0,0.6822217261904765
2023-07-25,1.3,1.5267916666666672
2023-07-26,4.8,2.6021764880952376
2023-07-27,18.0,12.050510531135533
2023-07-28,11.0,6.082867857142861
2023-07-29,0.3,2.6415634920634936
2023-07-30,0.3,2.4904317460317453
2023-07-31,5.4,1.4666976190476175
2023-08-01,5.9,4.185700992063494
2023-08-02,3.5,5.20047638888889
2023-08-03,15.7,8.042298214285724
2023-08-04,11.1,7.404525595238099
2023-08-05,23.7,9.407109821428568
2023-08-06,4.3,1.5391678571428569
2023-08-07,1.1,3.860253373015868
2023-08-08,2.1,2.2137070977633497
2023-08-09,9.4,3.757901289682539
2023-08-10,4.1,2.546122916666668
2023-08-11,2.6,3.202431845238098
2023-08-12,1.6,0.7466571428571429
2023-08-13,2.3,1.3579542658730162
2023-08-14,1.8,1.1237092109279605
2023-08-15,4.3,2.922977218614719
2023-08-16,5.5,2.3727788690476195
2023-08-17,2.2,2.3925468253968263
2023-08-18,20.1,12.83958472222222
2023-08-19,3.7,1.978066071428571
2023-08-20,18.9,11.584756746031747
2023-08-21,2.6,1.4387673430735943
2023-08-22,0.5,0.5242693452380954
2023-08-23,1.2,1.0882189484126996
2023-08-24,2.6,0.9295535714285715
2023-08-25,3.5,2.359403544372294
2023-08-26,3.1,0.6804192460317458
2023-08-27,2.9,2.9571585317460336
2023-08-28,9.8,3.896775297619046
2023-08-29,9.4,6.470906646825401
2023-08-30,3.8,4.804470238095233
2023-08-31,4.1,6.1617309523809505
2023-09-01,4.8,3.3654452380952415
2023-09-02,5.9,3.5738470238095243
2023-09-03,0.1,0.5657199404761907
2023-09-04,2.5,1.0192176587301593
2023-09-05,0.2,0.18164404761904762
2023-09-06,0.0,0.5222857142857148
2023-09-07,1.2,0.47146567460317457
2023-09-08,0.2,0.08596607142857145
2023-09-09,1.9,2.323346969696969
2023-09-10,1.4,0.7944115079365085
2023-09-11,1.8,1.392838492063492
2023-09-12,0.5,0.8703470238095246
2023-09-13,4.9,3.290536607142858
2023-09-14,11.2,6.305217361111113
2023-09-15,19.8,6.532326587301591
2023-09-16,6.3,5.767111408730158
2023-09-17,3.1,4.787213293650795
2023-09-18,1.2,2.6083294642857133
2023-09-19,3.7,3.764170138888889
2023-09-20,15.8,10.583781250000007
2023-09-21,18.2,10.735573367604621
2023-09-22,6.0,9.827716666666673
2023-09-23,9.8,12.019196924603168
2023-09-24,1.0,1.9569359126984116
2023-09-25,15.2,12.853121726190466
2023-09-26,11.4,7.214578769841273
2023-09-27,21.1,24.24590177669553
2023-09-28,4.2,9.109332043650797
2023-09-29,8.5,10.670017956349204
2023-09-30,4.2,3.7923164682539703
2023-10-01,11.2,10.822370138888896
2023-10-02,6.8,6.331841765873019
2023-10-03,1.3,0.583629464285714
2023-10-04,0.2,0.32644136904761917
2023-10-05,0.8,0.7572250000000004
2023-10-06,0.9,0.5604892857142859
2023-10-07,1.7,1.2243334325396829
2023-10-08,7.2,5.388033531746033
2023-10-09,12.7,11.757255158730151
2023-10-10,2.4,5.084029265873014
2023-10-11,4.0,7.662821130952385
2023-10-12,1.9,1.8628159722222213
2023-10-13,1.0,2.655976190476193
2023-10-14,9.5,6.5644053571428564
2023-10-15,0.0,1.7642719246031744
2023-10-16,0.0,0.5091395833333332
2023-10-17,0.0,0.0
2023-10-18,0.0,0.0
2023-10-19,0.4,0.20421250000000024
2023-10-20,6.4,5.760527480158728
2023-10-21,0.0,0.9485053571428581
2023-10-22,0.0,4.287623115079365
2023-10-23,0.0,0.0
2023-10-24,3.3,0.5865667658730156
2023-10-25,1.1,0.2986330357142856
2023-10-26,1.3,0.6601893849206347
2023-10-27,1.2,0.30372380952380945
2023-10-28,0.4,0.36993819444444476
2023-10-29,1.6,0.5822005952380949
2023-10-30,1.6,0.7212334325396825
2023-10-31,0.8,1.1311630952380953
2023-11-01,2.2,0.837791738816739
2023-11-02,4.9,2.1646807539682533
2023-11-03,0.5,0.8699699404761909
2023-11-04,0.8,2.5146863095238086
2023-11-05,0.3,0.34940976731601714
2023-11-06,0.0,0.20093035714285712
2023-11-07,0.3,0.24006091269841265
2023-11-08,0.3,0.08580684523809526
2023-11-09,0.7,0.6646798250360749
2023-11-10,1.6,0.6334193903318909
2023-11-11,0.3,0.5468633928571425
2023-11-12,0.0,0.6517894841269838
2023-11-13,2.4,1.1986575396825403
2023-11-14,3.6,2.3621937500000016
2023-11-15,38.4,25.853102976190463
2023-11-16,195.9,35.29979803391053
2023-11-17,0.3,53.05060674603176
2023-11-18,0.7,32.539824224386706
2023-11-19,0.2,0.20282916666666662
2023-11-20,0.4,0.28047321428571415
2023-11-21,0.0,0.09700079365079367
2023-11-22,0.0,0.27283541666666694
2023-11-23,0.4,0.3198648809523816
2023-11-24,4.4,3.6762382936507976
2023-11-25,4.0,3.5182734126984134
2023-11-26,0.9,2.5415947781385277
2023-11-27,0.0,0.8884526785714287
2023-11-28,0.0,0.2489082341269842
2023-11-29,0.0,0.0
2023-11-30,0.0,0.0
2023-12-01,1.0,0.45087023809523785
2023-12-02,0.7,0.3772252976190477
2023-12-03,1.9,2.0614287698412705
2023-12-04,0.0,0.42634136904761916
2023-12-05,0.0,0.8487535714285709
2023-12-06,0.0,0.0
2023-12-07,0.0,0.0
2023-12-08,0.1,0.04347083333333331
2023-12-09,0.1,0.05834583333333338
2023-12-10,0.6,0.4902464285714285
2023-12-11,2.9,2.1454783730158713
2023-12-12,0.0,0.60808869047619
2023-12-13,100.9,43.88503799603173
2023-12-14,19.5,21.550986011904765
2023-12-15,6.7,41.88491894841272
2023-12-16,36.2,31.73266736111111
2023-12-17,47.5,14.098444588744584
2023-12-18,0.0,3.4829985119047637
2023-12-19,0.0,0.7186708333333333
2023-12-20,0.0,0.0
2023-12-21,0.0,0.0
2023-12-22,0.3,0.15664374999999992
2023-12-23,1.6,1.1194076388888883
2023-12-24,1.2,0.8684889880952388
2023-12-25,8.0,5.666520634920635
2023-12-26,16.5,12.783982440476187
2023-12-27,0.0,5.209441666666666
2023-12-28,18.2,24.838249305555564
2023-12-29,0.0,2.963171130952379
2023-12-30,0.0,12.413209821428584
2023-12-31,0.0,0.0
2024-01-01,0.0,0.0
2024-01-02,0.0,0.0
2024-01-03,0.0,0.0
2024-01-04,0.4,0.275063690476191
2024-01-05,1.5,1.1401045634920643
2024-01-06,3.0,2.5782847222222243
2024-01-07,22.6,15.414997023809526
2024-01-08,0.2,4.587221031746031
2024-01-09,0.4,16.244332242063493
2024-01-10,2.7,1.5308030753968263
2024-01-11,11.9,8.773428174603168
2024-01-12,16.5,13.531454563492073
2024-01-13,1.1,5.572543750000001
2024-01-14,7.1,16.191511011904755
2024-01-15,2.0,1.9587925595238085
2024-01-16,5.7,9.196964583333333
2024-01-17,0.5,2.035488988095238
2024-01-18,1.3,4.1177738095238094
2024-01-19,10.0,4.571153869047617
2024-01-20,0.4,2.2566129779942274
2024-01-21,0.0,1.3242735119047624
2024-01-22,0.1,0.21977926587301588
2024-01-23,0.0,0.0
2024-01-24,0.3,0.299820833333334
2024-01-25,0.1,0.06130892857142866
2024-01-26,0.0,0.13297648809523813
2024-01-27,2.0,1.5511467261904752
2024-01-28,1.5,0.8844645833333331
2024-01-29,0.0,0.1241238095238095
2024-01-30,0.0,0.17843630952380962
2024-01-31,0.0,0.0
2024-02-01,0.0,0.0
2024-02-02,0.0,0.0
2024-02-03,0.0,0.0
2024-02-04,10.2,7.296281890331897
2024-02-05,7.5,5.746416964285711
2024-02-06,0.0,6.485015376984125
2024-02-07,0.0,0.35321666666666657
2024-02-08,0.1,0.01970416666666664
2024-02-09,0.3,0.1643725198412698
2024-02-10,0.1,0.04789791666666668
2024-02-11,1.0,0.4986003968253969
2024-02-12,0.1,0.16607827380952395
2024-02-13,1.4,1.9266812500000003
2024-02-14,0.1,0.12635119047619053
2024-02-15,0.0,0.4208906926406928
2024-02-16,0.0,0.017006547619047598
2024-02-17,1.3,0.8741977182539696
2024-02-18,32.8,25.797176190476165
2024-02-19,14.5,14.444373809523807
2024-02-20,0.0,0.1290160714285714
2024-02-21,0.0,0.08350000000000003
2024-02-22,0.2,0.0443690476190476
2024-02-23,0.0,0.003416666666666667
2024-02-24,1.9,1.630879365079365
2024-02-25,0.0,0.12021309523809524
2024-02-26,0.0,0.10380178571428571
2024-02-27,0.0,0.0
2024-02-28,0.0,0.0
2024-02-29,0.0,0.0
2024-03-01,2.0,1.4550593253968247
2024-03-02,0.9,0.5730416666666668
2024-03-03,10.6,10.274235759379506
2024-03-04,4.4,2.5909406746031736
2024-03-05,0.0,7.1807825396825455
2024-03-06,8.3,6.974761904761912
2024-03-07,13.2,6.807916567460316
2024-03-08,0.8,6.477632837301586
2024-03-09,0.5,7.456325000000008
2024-03-10,0.8,0.906609388528138
2024-03-11,0.0,0.174385119047619
2024-03-12,0.0,0.12754196428571427
2024-03-13,0.0,0.0
2024-03-14,0.0,0.0
2024-03-15,0.0,0.0
2024-03-16,0.0,0.0
2024-03-17,4.6,4.303825595238093
2024-03-18,1.1,0.7699874007936502
2024-03-19,0.2,2.6674574404761886
2024-03-20,0.0,0.3253724206349206
2024-03-21,0.8,0.11642182539682543
2024-03-22,31.7,17.214561309523805
2024-03-23,86.3,42.740014484126995
2024-03-24,1.1,6.395399603174602
2024-03-25,1.2,10.330814781746026
2024-03-26,0.3,0.8238645833333336
2024-03-27,1.7,1.825718353174604
2024-03-28,3.9,2.32720873015873
2024-03-29,0.3,0.11878452380952384
2024-03-30,0.0,0.20498005952380957
2024-03-31,0.0,0.02958333333333333
2024-04-01,0.0,0.0
2024-04-02,0.3,0.2423999999999988
2024-04-03,0.6,0.37670545634920616
2024-04-04,6.3,5.156389087301587
2024-04-05,0.0,0.39520654761904767
2024-04-06,0.0,0.6007833333333332
2024-04-07,0.0,0.0
2024-04-08,0.1,0.08873333333333391
2024-04-09,1.1,0.2537946428571428
2024-04-10,0.6,0.09357857142857147
2024-04-11,0.4,1.1972217442279938
2024-04-12,1.6,1.0546492063492066
2024-04-13,0.0,0.03667499999999999
2024-04-14,0.0,0.1472026785714286
2024-04-15,0.0,0.0
2024-04-16,0.0,0.0
2024-04-17,0.2,0.1441023809523814
2024-04-18,0.0,0.0016874999999999998
2024-04-19,0.0,0.13971398809523858
2024-04-20,0.0,0.0
2024-04-21,0.0,0.0
2024-04-22,11.3,9.205781944444439
2024-04-23,2.0,0.7017788690476192
2024-04-24,0.0,0.08791666666666668
2024-04-25,0.0,0.0579125
2024-04-26,0.1,0.01624166666666665
2024-04-27,1.0,0.21075922619047616
2024-04-28,0.5,0.1222315476190476
2024-04-29,0.6,0.18609464285714294
2024-04-30,12.6,4.714876488095239
2024-05-01,3.3,2.1962395833333335
2024-05-02,0.6,0.3141499999999999
2024-05-03,0.9,0.18762172619047607
2024-05-04,1.5,0.48735823412698437
2024-05-05,1.2,0.12583313492063494
2024-05-06,1.1,0.09696428571428575
2024-05-07,0.9,0.8677543650793657
2024-05-08,0.0,0.3523909992784994
2024-05-09,0.2,0.49399107142857146
2024-05-10,0.0,0.015256547619047614
2024-05-11,6.2,1.9836134920634918
2024-05-12,2.0,0.5184671626984124
2024-05-13,0.9,4.397124702380955
2024-05-14,0.2,1.2231908730158727
2024-05-15,5.2,2.348814682539684
2024-05-16,1.0,1.5239585317460325
2024-05-17,9.1,11.147904960317454
2024-05-18,0.0,1.6983857142857146
2024-05-19,16.3,19.703273115079373
2024-05-20,4.7,2.6389598214285708
2024-05-21,3.6,0.7894851190476188
2024-05-22,1.7,0.7362279761904759
2024-05-23,0.1,0.5191952380952376
2024-05-24,0.0,0.2701402146464647
2024-05-25,0.2,0.1411952380952381
2024-05-26,0.7,0.2988861111111112
2024-05-27,0.3,0.22703601190476186
2024-05-28,1.1,1.074934623015873
2024-05-29,7.4,2.2114884920634936
2024-05-30,7.7,2.7072869047619035
2024-05-31,0.2,0.6624467261904761
2024-06-01,1.0,0.824180853174604
2024-06-02,3.8,1.1553362103174605
2024-06-03,2.3,0.8580372023809527
2024-06-04,0.0,0.33847291666666657
2024-06-05,1.0,0.8680058531746033
2024-06-06,1.2,0.7087237103174604
2024-06-07,6.1,4.751256249999998
2024-06-08,8.2,2.7278545634920617
2024-06-09,4.8,3.599657142857144
2024-06-10,7.7,6.743213915945161
2024-06-11,43.6,21.91686339285715
2024-06-12,62.4,37.006454365079385
2024-06-13,75.2,43.24229117063494
2024-06-14,34.4,36.86225446428574
2024-06-15,19.5,28.83153142135643
2024-06-16,1.3,11.777030059523822
2024-06-17,1.9,6.780023511904767
2024-06-18,0.0,0.7948655753968255
2024-06-19,3.4,2.561869841269841
2024-06-20,0.9,0.7362678571428567
2024-06-21,0.5,2.6261815476190473
2024-06-22,16.0,10.658355753968259
2024-06-23,6.2,5.555981051587301
2024-06-24,18.8,18.089582837301585
2024-06-25,15.7,9.145761553030303
2024-06-26,19.2,15.161954707792203
2024-06-27,2.2,2.1329614087301594
2024-06-28,5.8,7.673500000000003
2024-06-29,1.8,1.9336794642857145
2024-06-30,9.2,9.671673511904757
2024-07-01,11.4,7.042394047619052
2024-07-02,2.0,3.2574971049783517
2024-07-03,4.7,3.202425595238098
2024-07-04,1.0,0.5877999007936507
2024-07-05,3.2,4.839957936507937
2024-07-06,1.6,1.4129977362914854
2024-07-07,2.5,3.4525403769841283
2024-07-08,0.5,0.9130939331501833
2024-07-09,0.5,1.4080201388888904
2024-07-10,3.1,1.9081160804473314
2024-07-11,2.1,1.6758800595238084
2024-07-12,1.8,3.1033805555555545
2024-07-13,10.2,7.9856658008657995
2024-07-14,1.3,2.5116541666666667
2024-07-15,2.8,7.656696924603175
2024-07-16,0.2,0.7203538690476188
2024-07-17,2.1,1.4990688131313137
2024-07-18,0.9,0.5709595238095233
2024-07-19,0.5,1.3805257936507938
2024-07-20,5.3,2.7832014880952367
2024-07-21,3.2,1.9838619047619048
2024-07-22,5.6,7.239320165945166
2024-07-23,3.8,2.9825794642857124
2024-07-24,1.8,1.4161084325396818
2024-07-25,0.0,0.9416188492063492
2024-07-26,0.1,0.3738226190476187
2024-07-27,0.4,0.20305595238095228
2024-07-28,2.3,1.4014535714285707
2024-07-29,10.4,7.943691792929294
2024-07-30,2.8,3.6397354166666647
2024-07-31,0.0,1.6413290674603163
2024-08-01,2.6,1.1455425595238098
2024-08-02,7.2,1.869036408730159
2024-08-03,18.3,8.20258520021645
2024-08-04,41.4,25.200897619047588
2024-08-05,2.3,6.8263619047619075
2024-08-06,8.5,10.89806299603175
2024-08-07,3.0,2.6638978174603185
2024-08-08,1.9,3.78805654761905
2024-08-09,6.6,3.2966531746031755
2024-08-10,1.9,1.7292344246031754
2024-08-11,0.2,2.8960310515873005
2024-08-12,0.2,0.7948896825396825
2024-08-13,1.0,0.27545535714285724
2024-08-14,2.3,1.174787797619048
2024-08-15,7.0,4.299172104978356
2024-08-16,4.0,4.154213095238093
2024-08-17,4.2,1.8298827380952378
2024-08-18,7.2,2.8942755952380974
2024-08-19,17.5,8.6939426046176
2024-08-20,3.6,2.8021533882783887
2024-08-21,2.7,4.613791071428571
2024-08-22,7.7,4.021813221500721
2024-08-23,2.8,1.5625512896825406
2024-08-24,2.7,2.4601722222222215
2024-08-25,3.9,1.405365674603174
2024-08-26,2.7,1.1000312500000013
2024-08-27,6.2,1.9993046626984128
2024-08-28,20.9,9.39422351190476
2024-08-29,6.2,3.5161328373015888
2024-08-30,14.6,12.31671964285714
2024-08-31,6.2,5.093623214285711
2024-09-01,15.2,15.256196329365073
2024-09-02,11.4,3.3635384469696974
2024-09-03,9.3,10.007068993506493
2024-09-04,2.3,6.4556727182539655
2024-09-05,1.0,1.8212662608225099
2024-09-06,0.8,1.1819952380952388
2024-09-07,0.4,0.7144045905483396
2024-09-08,0.3,0.6359852182539685
2024-09-09,2.0,1.2680915674603177
2024-09-10,4.6,3.597752678571423
2024-09-11,9.7,7.6041329184704125
2024-09-12,16.5,7.1990730158730205
2024-09-13,1.7,4.934530158730161
2024-09-14,7.7,11.187224999999998
2024-09-15,11.0,4.872636787518036
2024-09-16,8.4,8.290837996031742
2024-09-17,23.1,17.18809916125542
2024-09-18,7.3,7.520022862554118
2024-09-19,19.6,22.311758829365086
2024-09-20,1.7,7.107347817460323
2024-09-21,1.3,3.9550142316017345
2024-09-22,0.5,0.8251102182539678
2024-09-23,1.3,1.132465773809525
2024-09-24,0.7,0.5454389880952378
2024-09-25,14.4,11.176069345238096
2024-09-26,10.0,7.954380654761903
2024-09-27,4.7,5.981702678571428
2024-09-28,1.4,3.412197718253972
2024-09-29,0.2,1.939747132034631
2024-09-30,1.3,1.2021272817460318
2024-10-01,0.0,0.18392152777777798
2024-10-02,0.2,0.9765246031746031
2024-10-03,0.0,0.016515178571428563
2024-10-04,10.0,8.773149756493494
2024-10-05,21.2,11.907149007936507
2024-10-06,21.9,15.203698214285703
2024-10-07,52.3,50.19149480519481
2024-10-08,28.4,43.63420386904759
2024-10-09,13.8,22.013984722222208
2024-10-10,0.5,8.123482449494949
2024-10-11,0.8,3.991171031746031
2024-10-12,4.0,1.088673710317461
2024-10-13,43.1,30.779402480158733
2024-10-14,1.7,10.385509027777779
2024-10-15,0.4,16.535216071428568
2024-10-16,2.1,1.7637311507936517
2024-10-17,0.9,0.8281445436507934
2024-10-18,10.6,3.9107577380952394
2024-10-19,1.5,1.1390461309523818
2024-10-20,1.1,1.6784982142857152
2024-10-21,3.4,2.3951400793650794
2024-10-22,6.1,2.9444000360750344
2024-10-23,0.4,0.18672142857142862
2024-10-24,0.2,1.0341315476190482
2024-10-25,0.3,0.2537909722222222
2024-10-26,1.3,0.6359983134920637
2024-10-27,0.2,0.0870136904761905
2024-10-28,2.2,0.6403666666666668
2024-10-29,0.0,0.20948878968253962
2024-10-30,2.0,0.4691345238095239
2024-10-31,0.9,0.38033402777777786
2024-11-01,1.0,0.29919077380952364
2024-11-02,4.2,2.828987797619047
2024-11-03,1.3,0.46243621031746
2024-11-04,1.9,0.722598214285714
2024-11-05,12.0,4.34103191738817
2024-11-06,4.7,4.3555798611111065
2024-11-07,3.8,10.898343551587303
2024-11-08,1.1,1.2057197150072156
2024-11-09,0.6,1.2370211309523815
2024-11-10,0.7,0.7924448412698412
2024-11-11,1.3,1.0635023809523816
2024-11-12,0.1,0.4557551587301586
2024-11-13,1.8,0.9978568452380949
2024-11-14,0.1,0.14869375000000015
2024-11-15,0.0,0.9644648809523805
2024-11-16,0.2,0.12534047619047609
2024-11-17,0.0,0.001
2024-11-18,0.0,0.0883873015873016
2024-11-19,0.0,0.0
2024-11-20,10.7,5.461844444444447
2024-11-21,0.3,1.840975297619046
2024-11-22,0.0,0.03785
2024-11-23,0.0,0.03245416666666665
2024-11-24,0.0,0.0
2024-11-25,0.0,0.0
2024-11-26,0.0,0.0
2024-11-27,0.0,0.0
2024-11-28,0.0,0.0
2024-11-29,1.1,0.47148055555555596
2024-11-30,0.9,0.38736577380952397
2024-12-01,0.0,0.6272766865079362
2024-12-02,0.0,0.014154166666666666
2024-12-03,0.0,0.0
2024-12-04,0.0,0.0
2024-12-05,0.0,0.0
2024-12-06,0.0,0.0
2024-12-07,0.0,0.0
2024-12-08,0.0,0.0
2024-12-09,0.0,0.0
2024-12-10,0.1,0.07070000000000035
2024-12-11,1.6,0.9555258928571431
2024-12-12,0.2,0.07695833333333332
2024-12-13,0.2,0.1810342261904762
2024-12-14,1.6,0.7520869047619049
2024-12-15,3.5,2.306395039682538
2024-12-16,4.6,2.8257078102453095
2024-12-17,6.9,5.237911309523811
2024-12-18,1.9,3.062725198412698
2024-12-19,0.1,2.6646403769841283
2024-12-20,0.0,0.20267599206349204
2024-12-21,0.0,0.010679166666666668
2024-12-22,0.0,0.0
2024-12-23,0.0,0.0
2024-12-24,0.0,0.0
2024-12-25,1.2,0.9272551587301581
2024-12-26,0.1,0.0774247023809524
2024-12-27,2.8,3.003664583333331
2024-12-28,2.0,1.113492559523808
2024-12-29,61.2,45.11919345238096
2024-12-30,3.6,23.868645436507926
2024-12-31,5.0,21.66542857142857
